data,AAPL,MSFT,GOOGL,AMZN
27-10-2020,113.42,204.47,79.4,164.32
28-10-2020,108.17,194.33,75.02,158.14
29-10-2020,112.17,196.29,77.31,160.55
30-10-2020,105.89,194.13,80.25,151.81
02-11-2020,105.8,194,80.66,150.22
03-11-2020,107.43,197.93,81.72,152.42
04-11-2020,111.81,207.48,86.69,162.06
05-11-2020,115.78,214.1,87.52,166.1
06-11-2020,115.65,214.51,87.38,165.57
09-11-2020,113.34,209.4,87.47,157.19
10-11-2020,113,202.32,86.29,151.75
11-11-2020,116.43,207.63,86.76,156.87
12-11-2020,116.16,206.57,86.54,155.51
13-11-2020,116.21,207.6,88.01,156.44
16-11-2020,117.22,208.29,88.09,156.55
17-11-2020,116.33,205.63,87.48,156.78
18-11-2020,115.01,202.92,86.44,155.27
19-11-2020,115.6,204.21,87.33,155.85
20-11-2020,114.34,202.26,86.22,154.97
23-11-2020,110.93,201.99,85.79,154.92
24-11-2020,112.22,205.59,87.59,155.9
25-11-2020,113.06,205.6,87.6,159.25
27-11-2020,113.6,206.91,88.74,159.77
30-11-2020,116,205.79,87.12,158.4
01-12-2020,119.58,207.85,89.15,161
02-12-2020,119.93,207.04,90.62,160.18
03-12-2020,119.79,205.96,90.47,159.34
04-12-2020,119.12,206.07,90.56,158.13
07-12-2020,120.58,206,90.23,157.9
08-12-2020,121.2,207.66,89.95,158.86
09-12-2020,118.66,203.61,88.28,155.21
10-12-2020,120.08,202.38,87.78,155.07
11-12-2020,119.28,205.01,88.13,155.82
14-12-2020,118.66,205.92,87.01,157.85
15-12-2020,124.61,205.85,87.45,158.26
16-12-2020,124.54,210.8,87.26,162.05
17-12-2020,125.4,210.94,86.43,161.8
18-12-2020,123.41,210.14,85.72,160.08
21-12-2020,124.95,213.98,86.13,160.31
22-12-2020,128.5,215.28,85.42,160.33
23-12-2020,127.61,212.47,85.82,159.26
24-12-2020,128.59,214.14,86.11,158.63
28-12-2020,133.19,216.26,88.09,164.2
29-12-2020,131.42,215.48,87.29,166.1
30-12-2020,130.3,213.11,86.22,164.29
31-12-2020,129.29,213.82,87.03,162.85
04-01-2021,126.1,209.27,85.72,159.33
05-01-2021,127.66,209.48,86.41,160.93
06-01-2021,123.36,204.04,85.55,156.92
07-01-2021,127.57,209.85,88.11,158.11
08-01-2021,128.67,211.13,89.28,159.13
11-01-2021,125.68,209.08,87.21,155.71
12-01-2021,125.5,206.62,86.28,156.04
13-01-2021,127.54,207.98,86.76,158.29
14-01-2021,125.61,204.78,85.95,156.37
15-01-2021,123.88,204.43,85.79,155.21
19-01-2021,124.56,208.07,88.61,156.04
20-01-2021,128.65,215.67,93.36,163.17
21-01-2021,133.37,216.27,93.56,165.35
22-01-2021,135.51,217.21,93.98,164.61
25-01-2021,139.26,220.66,94.07,164.7
26-01-2021,139.49,223.35,94.74,166.31
27-01-2021,138.42,223.9,90.32,161.63
28-01-2021,133.58,229.69,92.03,161.88
29-01-2021,128.58,222.99,90.74,160.31
01-02-2021,130.71,230.38,94.01,167.14
02-02-2021,131.53,230.25,95.3,169
03-02-2021,130.51,233.6,102.24,165.63
04-02-2021,133.87,232.65,101.98,166.55
05-02-2021,133.46,232.84,103.73,167.61
08-02-2021,133.6,233.1,103.51,166.15
09-02-2021,132.73,234.34,103.06,165.25
10-02-2021,132.12,233.43,103.61,164.33
11-02-2021,131.87,235.04,103.72,163.11
12-02-2021,132.1,235.52,104.03,163.89
16-02-2021,129.97,234.28,104.81,163.45
17-02-2021,127.68,235.3,105.21,165.43
18-02-2021,126.58,234.9,104.57,166.41
19-02-2021,126.73,232.19,103.73,162.49
22-02-2021,122.96,225.96,102.01,159.04
23-02-2021,122.82,224.77,102.3,159.73
24-02-2021,122.32,226,103.48,157.98
25-02-2021,118.07,220.64,100.11,152.86
26-02-2021,118.33,223.91,100.4,154.65
01-03-2021,124.7,228.3,102.77,157.31
02-03-2021,122.1,225.35,102.52,154.73
03-03-2021,119.11,219.27,99.88,150.25
04-03-2021,117.23,218.47,101,148.88
05-03-2021,118.49,223.16,104.14,150.02
08-03-2021,113.55,219.1,99.69,147.6
09-03-2021,118.16,225.26,101.32,153.14
10-03-2021,117.08,223.95,101.11,152.88
11-03-2021,119.01,228.49,104.31,155.68
12-03-2021,118.11,227.16,101.8,154.47
15-03-2021,121,226.25,102.02,154.08
16-03-2021,122.54,229.05,103.48,154.59
17-03-2021,121.75,228.4,103.4,156.79
18-03-2021,117.62,222.31,100.37,151.4
19-03-2021,117.09,221.95,100.65,153.75
22-03-2021,120.41,227.39,100.84,155.54
23-03-2021,119.58,228.92,101.37,156.88
24-03-2021,117.19,226.88,100.93,154.35
25-03-2021,117.68,223.87,100.93,152.31
26-03-2021,118.28,227.86,100.54,152.6
29-03-2021,118.46,226.67,101.59,153.79
30-03-2021,117,223.4,101.62,152.76
31-03-2021,119.2,227.18,102.42,154.7
01-04-2021,120.03,233.52,105.76,158.05
05-04-2021,122.86,239.99,110.19,161.34
06-04-2021,123.16,238.83,109.71,161.19
07-04-2021,124.81,240.79,111.18,163.97
08-04-2021,127.21,244.02,111.75,164.96
09-04-2021,129.78,246.52,112.76,168.61
12-04-2021,128.07,246.58,111.46,168.97
13-04-2021,131.18,249.07,111.95,170
14-04-2021,128.84,246.27,111.33,166.65
15-04-2021,131.25,250.04,113.48,168.95
16-04-2021,130.92,251.24,113.36,169.97
19-04-2021,131.58,249.31,113.7,168.6
20-04-2021,129.9,248.85,113.17,166.73
21-04-2021,130.28,251.08,113.14,168.1
22-04-2021,128.75,247.8,111.85,165.45
23-04-2021,131.08,251.63,114.21,167.04
26-04-2021,131.47,252.02,114.71,170.45
27-04-2021,131.14,252.42,113.76,170.87
28-04-2021,130.35,245.28,117.14,172.93
29-04-2021,130.26,243.31,118.82,173.57
30-04-2021,128.29,242.99,116.87,173.37
03-05-2021,129.34,242.68,116.35,169.32
04-05-2021,124.76,238.76,114.55,165.59
05-05-2021,125.01,237.49,114.95,163.53
06-05-2021,126.61,240.63,116.07,165.32
07-05-2021,127.28,243.26,116.79,164.58
10-05-2021,124,238.17,113.8,159.52
11-05-2021,123.08,237.25,112.73,161.2
12-05-2021,120.01,230.29,109.26,157.6
13-05-2021,122.16,234.17,110.69,158.07
14-05-2021,124.58,239.1,113.14,161.15
17-05-2021,123.43,236.24,113.66,163.52
18-05-2021,122.04,234.22,112.35,161.61
19-05-2021,121.89,234.8,112.8,161.59
20-05-2021,124.45,238.04,114.56,162.38
21-05-2021,122.61,236.78,113.92,160.15
24-05-2021,124.24,242.2,117.24,162.25
25-05-2021,124.05,243.1,117.33,162.95
26-05-2021,124,242.88,118.2,163.26
27-05-2021,122.46,240.78,117.32,161.51
28-05-2021,121.81,241.13,117.04,161.15
01-06-2021,121.48,238.93,118.24,160.93
02-06-2021,122.25,238.84,117.72,161.7
03-06-2021,120.76,237.3,116.57,159.35
04-06-2021,123.06,242.21,118.86,160.31
07-06-2021,123.07,245.12,119.29,159.9
08-06-2021,123.89,243.93,119.1,163.21
09-06-2021,124.27,244.91,119.57,164.06
10-06-2021,123.27,248.44,120.92,167.48
11-06-2021,124.49,249.06,120.68,167.34
14-06-2021,127.55,251,121.61,169.19
15-06-2021,126.72,249.52,120.59,169.16
16-06-2021,127.22,248.57,119.95,170.76
17-06-2021,128.83,251.97,120.91,174.46
18-06-2021,127.53,250.55,119.29,174.35
21-06-2021,129.32,253.64,120.98,172.7
22-06-2021,130.97,256.42,121.49,175.27
23-06-2021,130.69,256.2,121.29,175.19
24-06-2021,130.41,257.56,121.66,172.45
25-06-2021,130.12,255.95,121.67,170.07
28-06-2021,131.75,259.52,121.7,172.19
29-06-2021,133.26,262.11,121.43,172.41
30-06-2021,133.88,261.63,121.25,172.01
01-07-2021,134.18,262.3,121.61,171.65
02-07-2021,136.81,268.15,124.4,175.55
06-07-2021,138.83,268.16,125.33,183.79
07-07-2021,141.32,270.35,125.61,184.83
08-07-2021,140.02,267.93,124.19,186.57
09-07-2021,141.85,268.43,124.66,185.97
12-07-2021,141.25,267.83,126.11,185.93
13-07-2021,142.36,271.36,126.47,183.87
14-07-2021,145.8,272.84,127.36,184.08
15-07-2021,145.14,271.41,126.14,181.56
16-07-2021,143.1,271.14,126.1,178.68
19-07-2021,139.25,267.53,123.72,177.48
20-07-2021,142.86,269.76,125.34,178.66
21-07-2021,142.13,271.77,126.68,179.26
22-07-2021,143.5,276.35,127.54,181.9
23-07-2021,145.22,279.76,132.1,182.83
26-07-2021,145.64,279.16,133.12,184.99
27-07-2021,143.47,276.73,131,181.32
28-07-2021,141.72,276.42,135.16,181.52
29-07-2021,142.36,276.69,134.85,180
30-07-2021,142.58,275.16,133.8,166.38
02-08-2021,142.25,275.07,133.93,166.57
03-08-2021,144.05,277.29,134.7,168.31
04-08-2021,143.65,276.7,134.2,167.74
05-08-2021,143.75,279.61,135.32,168.8
06-08-2021,143.07,279.55,134.81,167.25
09-08-2021,143.02,278.46,135.98,167.09
10-08-2021,142.54,276.64,135.87,166.03
11-08-2021,142.79,277.13,135.35,164.61
12-08-2021,145.76,279.89,136.25,165.18
13-08-2021,145.97,282.83,136.78,164.7
16-08-2021,147.94,284.52,137.36,164.95
17-08-2021,147.03,283.05,135.73,162.1
18-08-2021,143.28,281.32,134.52,160.06
19-08-2021,143.62,287.16,134.75,159.39
20-08-2021,145.07,294.51,136.49,160
23-08-2021,146.56,294.79,139.08,163.29
24-08-2021,146.47,292.82,140.29,165.29
25-08-2021,145.24,292.23,141.11,164.96
26-08-2021,144.44,289.41,140.47,165.8
27-08-2021,145.48,290.02,143.02,167.48
30-08-2021,149.9,293.76,143.6,171.08
31-08-2021,148.64,292.11,143.71,173.54
01-09-2021,149.3,292.06,144.22,173.95
02-09-2021,150.42,291.4,142.31,173.16
03-09-2021,151.06,291.39,142.75,173.9
07-09-2021,153.4,290.46,143.29,175.46
08-09-2021,151.85,290.49,142.71,176.27
09-09-2021,150.83,287.63,142.56,174.21
10-09-2021,145.84,286.14,139.91,173.46
13-09-2021,146.41,287.37,141.36,172.86
14-09-2021,145.01,290.08,141.57,172.5
15-09-2021,145.9,294.95,143.44,173.79
16-09-2021,145.66,295.34,142.63,174.41
17-09-2021,142.99,290.16,139.84,173.13
20-09-2021,139.93,284.77,137.77,167.79
21-09-2021,140.41,285.26,138.08,167.18
22-09-2021,142.78,288.91,139.32,169
23-09-2021,143.74,289.86,140.25,170.8
24-09-2021,143.83,289.66,141.24,171.28
27-09-2021,142.31,284.65,140.11,170.29
28-09-2021,138.93,274.34,134.9,165.8
29-09-2021,139.83,274.81,133.43,165.06
30-09-2021,138.52,272.79,132.76,164.25
01-10-2021,139.65,279.74,135.61,164.16
04-10-2021,136.21,273.94,132.74,159.49
05-10-2021,138.14,279.41,135.09,161.05
06-10-2021,139.01,283.62,136.62,163.1
07-10-2021,140.28,285.3,138.27,165.12
08-10-2021,139.9,285.3,138.83,164.43
11-10-2021,139.81,284.7,137.96,162.32
12-10-2021,138.53,283.4,135.51,162.37
13-10-2021,137.95,286.72,136.64,164.21
14-10-2021,140.74,292.95,140.18,164.99
15-10-2021,141.79,294.36,140.4,170.45
18-10-2021,143.47,297.34,141.8,172.34
19-10-2021,145.63,298.25,142.26,172.21
20-10-2021,146.12,297.46,140.8,170.75
21-10-2021,146.34,300.7,140.91,171.75
22-10-2021,145.56,299.15,136.62,166.78
25-10-2021,145.51,298.15,136.51,166.02
26-10-2021,146.18,300.07,138.35,168.8
27-10-2021,145.72,312.71,145.22,169.62
28-10-2021,149.36,313.85,144.85,172.33
29-10-2021,146.65,320.88,147.03,168.62
01-11-2021,145.83,318.71,142.51,165.91
02-11-2021,146.87,322.34,144.44,165.64
03-11-2021,148.3,323.19,145.59,169.2
04-11-2021,147.79,325.55,147.25,173.85
05-11-2021,148.32,325.18,147.83,175.95
08-11-2021,147.49,326.08,148.01,174.45
09-11-2021,147.85,325.07,147.9,178.81
10-11-2021,145.02,320.09,144.89,174.1
11-11-2021,144.97,321.67,144.77,173.63
12-11-2021,147.05,325.82,147.66,176.26
15-11-2021,147.06,325.19,147.44,177.28
16-11-2021,148.04,328.52,146.86,177.04
17-11-2021,150.48,328.74,147.03,177.45
18-11-2021,154.78,330.83,148.81,184.8
19-11-2021,157.4,332.61,147.91,183.83
22-11-2021,157.86,329.43,145.3,178.63
23-11-2021,158.25,327.34,144.78,179
24-11-2021,158.77,327.57,145.12,179.02
26-11-2021,153.74,319.59,141.21,175.23
29-11-2021,157.1,326.33,144.53,178.08
30-11-2021,162.06,320.47,140.93,175.35
01-12-2021,161.54,319.98,140.09,172.19
02-12-2021,160.55,319.41,141.99,171.87
03-12-2021,158.67,313.12,141.03,169.49
06-12-2021,162.08,316.21,142.17,171.37
07-12-2021,167.83,324.67,146.26,176.16
08-12-2021,171.65,324.72,147.17,176.16
09-12-2021,171.14,322.91,146.63,174.17
10-12-2021,175.93,332.06,146.99,172.21
13-12-2021,172.3,329.01,144.83,169.57
14-12-2021,170.91,318.29,142.92,169.09
15-12-2021,175.79,324.41,145.44,173.32
16-12-2021,168.88,314.96,143.46,168.87
17-12-2021,167.79,313.89,140.75,170.02
20-12-2021,166.42,310.12,140.64,167.08
21-12-2021,169.6,317.27,142.49,170.42
22-12-2021,172.2,323,145.41,171.04
23-12-2021,172.83,324.45,145.91,171.07
27-12-2021,176.8,331.97,146.89,169.67
28-12-2021,175.78,330.81,145.68,170.66
29-12-2021,175.86,331.48,145.65,169.2
30-12-2021,174.71,328.93,145.2,168.64
31-12-2021,174.09,326.03,143.86,166.72
03-01-2022,178.44,324.5,144,170.4
04-01-2022,176.18,318.94,143.41,167.52
05-01-2022,171.49,306.7,136.83,164.36
06-01-2022,168.63,304.27,136.8,163.25
07-01-2022,168.8,304.43,136.08,162.55
10-01-2022,168.82,304.65,137.72,161.49
11-01-2022,171.65,305.34,138.78,165.36
12-01-2022,172.09,308.53,140.46,165.21
13-01-2022,168.82,295.47,137.64,161.21
14-01-2022,169.68,300.71,138.53,162.14
18-01-2022,166.47,293.39,135.07,158.92
19-01-2022,162.97,294.05,134.19,156.3
20-01-2022,161.29,292.37,132.39,151.67
21-01-2022,159.23,286.97,129.46,142.64
24-01-2022,158.45,287.3,129.91,144.54
25-01-2022,156.65,279.66,126.07,139.99
26-01-2022,156.56,287.63,128.35,138.87
27-01-2022,156.1,290.66,128.12,139.64
28-01-2022,166.99,298.83,132.44,143.98
31-01-2022,171.35,301.46,134.38,149.57
01-02-2022,171.19,299.31,136.7,151.19
02-02-2022,172.39,303.87,146.99,150.61
03-02-2022,169.51,292.03,142.11,138.85
04-02-2022,169.23,296.58,142.31,157.64
07-02-2022,168.51,291.74,138.25,157.94
08-02-2022,171.62,295.24,138.44,161.41
09-02-2022,173.05,301.69,140.62,161.19
10-02-2022,168.96,293.13,137.67,159
11-02-2022,165.55,286.01,133.36,153.29
14-02-2022,165.78,285.97,134.6,155.17
15-02-2022,169.62,291.27,135.67,156.51
16-02-2022,169.38,290.93,136.79,158.1
17-02-2022,165.78,282.41,131.63,154.65
18-02-2022,164.23,279.69,129.51,152.6
22-02-2022,161.31,279.49,128.92,150.2
23-02-2022,157.13,272.25,126.71,144.83
24-02-2022,159.75,286.16,131.78,151.36
25-02-2022,161.83,288.81,133.54,153.79
28-02-2022,162.09,290.24,134.13,153.56
01-03-2022,160.21,286.51,133.14,151.14
02-03-2022,163.5,291.6,133.65,152.05
03-03-2022,163.18,287.46,132.98,147.9
04-03-2022,160.18,281.57,131,145.64
07-03-2022,156.38,270.93,125.51,137.45
08-03-2022,154.55,267.96,126.23,136.01
09-03-2022,159.96,280.25,132.51,139.28
10-03-2022,155.61,277.42,131.52,146.82
11-03-2022,151.89,272.06,128.98,145.52
14-03-2022,147.86,268.53,125.09,141.85
15-03-2022,152.24,278.94,128.31,147.37
16-03-2022,156.66,285.97,132.37,153.1
17-03-2022,157.67,286.78,132.92,157.24
18-03-2022,160.97,291.84,135.19,161.25
21-03-2022,162.35,290.6,135.17,161.49
22-03-2022,165.72,295.36,138.91,164.89
23-03-2022,167.09,290.92,137.33,163.41
24-03-2022,170.88,295.4,140.6,163.65
25-03-2022,171.51,294.99,140.7,164.77
28-03-2022,172.38,301.81,140.49,168.99
29-03-2022,175.68,306.39,141.53,169.32
30-03-2022,174.51,304.88,140.97,166.3
31-03-2022,171.41,299.49,138.11,163
01-04-2022,171.11,300.57,139.19,163.56
04-04-2022,175.17,305.96,141.99,168.35
05-04-2022,171.85,301.99,139.63,164.05
06-04-2022,168.68,290.93,135.61,158.76
07-04-2022,168.98,292.75,134.96,157.78
08-04-2022,166.97,288.48,132.37,154.46
11-04-2022,162.71,277.1,127.94,151.12
12-04-2022,164.58,273.99,126.84,150.79
13-04-2022,167.27,279.39,129,155.54
14-04-2022,162.26,271.83,125.86,151.71
18-04-2022,162.04,272.5,126.8,152.79
19-04-2022,164.33,277.14,129.12,158.12
20-04-2022,164.16,278.17,127.16,154
21-04-2022,163.37,272.78,123.96,148.3
22-04-2022,158.82,266.19,118.82,144.35
25-04-2022,159.89,272.69,122.23,146.07
26-04-2022,153.92,262.49,117.84,139.39
27-04-2022,153.7,275.12,113.51,138.17
28-04-2022,160.64,281.35,117.71,144.6
29-04-2022,154.76,269.58,113.33,124.28
02-05-2022,155.06,276.33,115.78,124.5
03-05-2022,156.55,273.72,116.53,124.25
04-05-2022,162.97,281.69,121.42,125.93
05-05-2022,153.89,269.42,115.71,116.41
06-05-2022,154.62,266.87,114.95,114.77
09-05-2022,149.49,257.01,111.74,108.79
10-05-2022,151.9,261.79,113.61,108.86
11-05-2022,144.02,253.1,112.82,105.37
12-05-2022,140.15,248.05,112.07,106.93
13-05-2022,144.62,253.65,115.26,113.06
16-05-2022,143.08,254.02,113.66,110.81
17-05-2022,146.72,259.19,115.68,115.37
18-05-2022,138.44,247.39,111.13,107.11
19-05-2022,135.03,246.47,109.63,107.32
20-05-2022,135.26,245.91,108.16,107.59
23-05-2022,140.69,253.78,110.72,107.56
24-05-2022,137.99,252.78,105.24,104.1
25-05-2022,138.14,255.61,105.08,106.78
26-05-2022,141.35,258.9,107.05,111.08
27-05-2022,147.11,266.04,111.55,115.15
31-05-2022,146.32,264.71,112.98,120.21
01-06-2022,146.2,265.24,113.11,121.68
02-06-2022,148.65,267.35,116.82,125.51
03-06-2022,142.92,262.91,113.76,122.35
06-06-2022,143.67,261.67,116.02,124.79
07-06-2022,146.2,265.32,116.35,123
08-06-2022,145.46,263.29,116.39,121.18
09-06-2022,140.23,257.82,114.05,116.15
10-06-2022,134.81,246.33,110.4,109.65
13-06-2022,129.65,235.88,105.66,103.67
14-06-2022,130.52,238.05,105.98,102.31
15-06-2022,133.14,245.13,109.01,107.67
16-06-2022,127.86,238.52,105.31,103.66
17-06-2022,129.34,241.13,106.41,106.22
21-06-2022,133.57,247.06,110.78,108.68
22-06-2022,133.06,246.46,110.72,108.95
23-06-2022,135.93,252.04,111.47,112.44
24-06-2022,139.27,260.65,117.17,116.46
27-06-2022,139.27,257.91,115.04,113.22
28-06-2022,135.12,249.72,111.24,107.4
29-06-2022,136.88,253.4,110.94,108.92
30-06-2022,134.41,250.07,108.22,106.21
01-07-2022,136.58,252.74,107.99,109.56
05-07-2022,139.17,255.93,112.49,113.5
06-07-2022,140.5,259.2,113.79,114.33
07-07-2022,143.88,261.33,117.97,116.33
08-07-2022,144.55,260.61,118.54,115.54
11-07-2022,142.42,257.54,114.88,111.75
12-07-2022,143.39,246.99,113.24,109.22
13-07-2022,143.03,246.06,110.59,110.4
14-07-2022,145.96,247.39,109.61,110.63
15-07-2022,147.63,249.96,111.01,113.55
18-07-2022,144.58,247.55,108.28,113.76
19-07-2022,148.45,252.69,113.03,118.21
20-07-2022,150.45,255.36,113.12,122.77
21-07-2022,152.72,257.86,113.56,124.63
22-07-2022,151.49,253.5,107.16,122.42
25-07-2022,150.36,252.01,106.77,121.14
26-07-2022,149.04,245.27,104.3,114.81
27-07-2022,154.14,261.66,112.29,120.97
28-07-2022,154.69,269.13,113.44,122.28
29-07-2022,159.76,273.35,115.52,134.95
01-08-2022,158.78,270.69,114.07,135.39
02-08-2022,157.3,267.58,114.34,134.16
03-08-2022,163.32,275.03,117.27,139.52
04-08-2022,163.01,276.18,117.38,142.57
05-08-2022,162.78,275.46,116.67,140.8
08-08-2022,162.31,272.94,116.5,139.41
09-08-2022,162.36,274.86,115.83,137.83
10-08-2022,166.61,281.54,118.88,142.69
11-08-2022,165.87,279.46,118.03,140.64
12-08-2022,169.43,284.22,120.85,143.55
15-08-2022,170.5,285.74,121.24,143.18
16-08-2022,170.34,285,120.87,144.78
17-08-2022,171.84,284.25,118.73,142.1
18-08-2022,171.44,283.13,119.35,142.3
19-08-2022,168.85,279.2,116.41,138.23
22-08-2022,164.97,271.01,113.46,133.22
23-08-2022,164.63,269.73,113.08,133.62
24-08-2022,164.93,269.1,112.91,133.8
25-08-2022,167.39,272.08,115.85,137.28
26-08-2022,161.08,261.58,109.58,130.75
29-08-2022,158.87,258.79,108.67,129.79
30-08-2022,156.44,256.59,108.19,128.73
31-08-2022,154.78,255.12,107.48,126.77
01-09-2022,155.51,254.08,108.99,127.82
02-09-2022,153.39,249.84,107.11,127.51
06-09-2022,152.13,247.1,106.08,126.11
07-09-2022,153.54,251.83,108.7,129.48
08-09-2022,152.06,252.25,107.64,129.82
09-09-2022,154.92,258.04,109.89,133.27
12-09-2022,160.89,260.18,110.1,136.45
13-09-2022,151.45,245.87,103.61,126.82
14-09-2022,152.9,246.1,104.28,128.55
15-09-2022,150,239.42,102.21,126.28
16-09-2022,148.36,238.8,102.1,123.53
19-09-2022,152.08,238.58,102.36,124.66
20-09-2022,154.46,236.57,100.45,122.19
21-09-2022,151.33,233.15,98.6,118.54
22-09-2022,150.37,235.13,99.45,117.31
23-09-2022,148.09,232.15,98.06,113.78
26-09-2022,148.43,231.69,97.5,115.15
27-09-2022,149.4,230.67,96.83,114.41
28-09-2022,147.51,235.22,99.36,118.01
29-09-2022,140.27,231.74,96.75,114.8
30-09-2022,136.05,227.25,94.99,113
03-10-2022,140.24,234.9,97.96,115.88
04-10-2022,143.83,242.84,100.94,121.09
05-10-2022,144.12,243.15,100.74,120.95
06-10-2022,143.17,240.8,100.73,120.3
07-10-2022,137.91,228.55,98,114.56
10-10-2022,138.24,223.69,97.19,113.67
11-10-2022,136.82,219.94,96.51,112.21
12-10-2022,136.19,220.27,96.89,112.9
13-10-2022,140.77,228.55,98.38,112.53
14-10-2022,136.23,223.01,95.9,106.9
17-10-2022,140.2,231.76,99.29,113.79
18-10-2022,141.52,232.71,100.08,116.36
19-10-2022,141.62,230.74,98.95,115.07
20-10-2022,141.16,230.42,99.29,115.25
21-10-2022,144.98,236.24,100.44,119.32
24-10-2022,147.13,241.25,101.82,119.82
25-10-2022,149.97,244.58,103.76,120.6
26-10-2022,147.03,225.71,94.28,115.66
27-10-2022,142.55,221.25,91.59,110.96
28-10-2022,153.32,230.14,95.63,103.41
31-10-2022,150.96,226.5,93.86,102.44
01-11-2022,148.31,222.63,89.85,96.79
02-11-2022,142.78,214.76,86.37,92.12
03-11-2022,136.72,209.05,82.86,89.3
04-11-2022,136.46,216.02,85.99,90.98
07-11-2022,136.99,222.34,87.88,90.53
08-11-2022,137.56,223.31,88.29,89.98
09-11-2022,132.99,219.06,86.72,86.14
10-11-2022,144.83,237.08,93.3,96.63
11-11-2022,147.62,241.11,95.75,100.79
14-11-2022,146.22,235.69,95.04,98.49
15-11-2022,147.95,236.1,97.77,98.94
16-11-2022,146.72,236.53,98.17,97.12
17-11-2022,148.62,236.48,97.69,94.85
18-11-2022,149.19,236.03,96.76,94.14
21-11-2022,145.95,236.84,94.95,92.46
22-11-2022,148.09,239.76,96.39,93.2
23-11-2022,148.97,242.25,97.79,94.13
25-11-2022,146.05,242.16,96.79,93.41
28-11-2022,142.21,236.56,95.39,93.95
29-11-2022,139.21,235.16,94.54,92.42
30-11-2022,145.97,249.65,100.3,96.54
01-12-2022,146.25,249.21,100.3,95.5
02-12-2022,145.75,249.53,99.75,94.13
05-12-2022,144.59,244.82,98.8,91.01
06-12-2022,140.92,239.84,96.32,88.25
07-12-2022,138.98,239.11,94.29,88.46
08-12-2022,140.67,242.08,93.07,90.35
09-12-2022,140.18,240.14,92.19,89.09
12-12-2022,142.48,247.08,92.67,90.55
13-12-2022,143.45,251.39,94.97,92.49
14-12-2022,141.22,251.68,94.42,91.58
15-12-2022,134.6,243.65,90.24,88.45
16-12-2022,132.64,239.42,89.64,87.86
19-12-2022,130.53,235.27,87.83,84.92
20-12-2022,130.46,236.6,88.41,85.19
21-12-2022,133.57,239.17,88.97,86.77
22-12-2022,130.39,233.06,87.16,83.79
23-12-2022,130.03,233.59,88.62,85.25
27-12-2022,128.22,231.86,86.79,83.04
28-12-2022,124.29,229.48,85.43,81.82
29-12-2022,127.81,235.82,87.84,84.18
30-12-2022,128.12,234.66,87.63,84
03-01-2023,123.33,234.42,88.51,85.82
04-01-2023,124.6,224.17,87.48,85.14
05-01-2023,123.28,217.53,85.61,83.12
06-01-2023,127.82,220.09,86.74,86.08
09-01-2023,128.34,222.23,87.42,87.36
10-01-2023,128.91,223.92,87.81,89.87
11-01-2023,131.63,230.7,90.89,95.09
12-01-2023,131.55,233.38,90.51,95.27
13-01-2023,132.89,234.08,91.49,98.12
17-01-2023,134.05,235.18,90.66,96.05
18-01-2023,133.33,230.73,90.5,95.46
19-01-2023,133.39,226.94,92.41,93.68
20-01-2023,135.95,235.05,97.35,97.25
23-01-2023,139.15,237.36,99.11,97.52
24-01-2023,140.55,236.83,97.03,96.32
25-01-2023,139.89,235.43,94.57,97.18
26-01-2023,141.96,242.66,96.85,99.22
27-01-2023,143.9,242.82,98.69,102.24
30-01-2023,141.01,237.49,96.28,100.55
31-01-2023,142.28,242.48,98.16,103.13
01-02-2023,143.41,247.31,99.74,105.15
02-02-2023,148.72,258.91,107,112.91
03-02-2023,152.35,252.79,104.06,103.39
06-02-2023,149.62,251.24,102.2,102.18
07-02-2023,152.5,261.8,106.9,102.11
08-02-2023,149.81,260.99,98.69,100.05
09-02-2023,148.77,257.95,94.36,98.24
10-02-2023,149.14,257.44,93.92,97.61
13-02-2023,151.94,265.48,93.96,99.54
14-02-2023,151.3,266.31,94.03,99.7
15-02-2023,153.4,264.18,96.28,101.16
16-02-2023,151.8,257.15,94.86,98.15
17-02-2023,150.66,253.14,93.7,97.2
21-02-2023,146.64,247.85,91.16,94.58
22-02-2023,147.06,246.71,91.02,95.79
23-02-2023,147.55,249.91,90.27,95.82
24-02-2023,144.89,244.47,88.52,93.5
27-02-2023,146.09,245.39,89.25,93.76
28-02-2023,145.58,244.66,89.44,94.23
01-03-2023,143.51,241.57,89.74,92.17
02-03-2023,144.1,246.32,91.37,92.13
03-03-2023,149.16,250.42,93.01,94.9
06-03-2023,151.92,251.97,94.48,93.75
07-03-2023,149.72,249.3,93.22,93.55
08-03-2023,150.97,248.86,93.6,93.92
09-03-2023,148.72,247.51,91.69,92.25
10-03-2023,146.66,243.85,90.01,90.73
13-03-2023,148.6,249.08,90.49,92.43
14-03-2023,150.7,255.82,93.33,94.88
15-03-2023,151.09,260.38,95.45,96.2
16-03-2023,153.92,270.93,99.63,100.04
17-03-2023,153.08,274.1,100.92,98.95
20-03-2023,155.45,267.04,100.53,97.71
21-03-2023,157.3,268.56,104.2,100.61
22-03-2023,155.87,267.1,102.66,98.7
23-03-2023,156.96,272.36,104.88,98.71
24-03-2023,158.26,275.22,104.72,98.13
27-03-2023,156.32,271.11,101.76,98.04
28-03-2023,155.69,269.98,100.34,97.24
29-03-2023,158.78,275.16,100.7,100.25
30-03-2023,160.35,278.63,100.2,102
31-03-2023,162.86,282.8,103.02,103.29
03-04-2023,164.11,281.75,103.65,102.41
04-04-2023,163.58,281.7,104,103.95
05-04-2023,161.73,278.92,103.75,101.1
06-04-2023,162.62,286.04,107.68,102.06
10-04-2023,160.02,283.87,105.71,102.17
11-04-2023,158.81,277.44,104.63,99.92
12-04-2023,158.11,278.08,103.92,97.83
13-04-2023,163.51,284.31,106.69,102.4
14-04-2023,163.16,280.68,108.12,102.51
17-04-2023,163.18,283.29,105.24,102.74
18-04-2023,164.41,282.87,103.78,102.3
19-04-2023,165.55,282.95,103.47,104.3
20-04-2023,164.58,280.65,104.57,103.81
21-04-2023,162.97,280.31,104.69,106.96
24-04-2023,163.28,276.4,105.24,106.21
25-04-2023,161.74,270.17,103.14,102.57
26-04-2023,161.73,289.74,103,104.98
27-04-2023,166.32,299.02,106.85,109.82
28-04-2023,167.58,301.4,106.6,105.45
01-05-2023,167.49,299.73,106.47,102.05
02-05-2023,166.45,299.59,104.6,103.63
03-05-2023,165.37,298.59,104.69,103.65
04-05-2023,163.73,299.59,103.97,104
05-05-2023,171.42,304.73,104.85,105.66
08-05-2023,171.35,302.76,107.03,105.83
09-05-2023,169.64,301.14,106.61,106.62
10-05-2023,171.4,306.35,110.98,110.19
11-05-2023,171.6,304.2,115.77,112.18
12-05-2023,170.67,303.08,116.71,110.26
15-05-2023,170.17,303.56,115.71,111.2
16-05-2023,170.17,305.79,118.69,113.4
17-05-2023,170.78,308.68,120.01,115.5
18-05-2023,173.12,313.13,121.99,118.15
19-05-2023,173.23,312.95,121.92,116.25
22-05-2023,172.28,315.74,124.19,115.01
23-05-2023,169.67,309.92,121.72,114.99
24-05-2023,169.94,308.54,120.07,116.75
25-05-2023,171.08,320.4,122.63,115
26-05-2023,173.49,327.25,123.76,120.11
30-05-2023,175.34,325.6,122.82,121.66
31-05-2023,175.29,322.83,122.03,120.58
01-06-2023,178.1,326.95,122.87,122.77
02-06-2023,178.95,329.72,123.82,124.25
05-06-2023,177.6,330.25,125.15,125.3
06-06-2023,177.23,328.03,126.44,126.61
07-06-2023,175.86,317.91,121.66,121.23
08-06-2023,178.58,319.75,121.3,124.25
09-06-2023,178.96,321.26,121.39,123.43
12-06-2023,181.76,326.23,122.79,126.57
13-06-2023,181.29,328.63,122.98,126.66
14-06-2023,181.92,331.63,122.82,126.42
15-06-2023,183.96,342.21,124.23,127.11
16-06-2023,182.88,336.54,122.68,125.49
20-06-2023,182.97,332.33,122.26,125.78
21-06-2023,181.93,327.91,119.72,124.83
22-06-2023,184.94,333.96,122.31,130.15
23-06-2023,184.62,329.35,121.5,129.33
26-06-2023,183.23,323.04,117.53,127.33
27-06-2023,185.98,328.91,117.52,129.18
28-06-2023,187.16,330.16,119.36,129.04
29-06-2023,187.5,329.38,118.28,127.9
30-06-2023,191.83,334.78,118.88,130.36
03-07-2023,190.34,332.27,119.08,130.22
05-07-2023,189.22,332.43,120.92,130.38
06-07-2023,189.69,335.49,119.29,128.36
07-07-2023,188.58,331.51,118.66,129.78
10-07-2023,186.53,326.21,115.65,127.13
11-07-2023,186,326.84,116.34,128.78
12-07-2023,187.68,331.49,118.12,130.8
13-07-2023,188.44,336.86,123.69,134.3
14-07-2023,188.59,339.4,124.56,134.68
17-07-2023,191.85,339.88,123.8,133.56
18-07-2023,191.59,353.4,122.91,132.83
19-07-2023,192.95,349.07,121.19,135.36
20-07-2023,191,341,118.38,129.96
21-07-2023,189.82,337.95,119.2,130
24-07-2023,190.62,339.27,120.7,128.8
25-07-2023,191.48,345.04,121.37,129.13
26-07-2023,192.35,332.05,128.38,128.15
27-07-2023,191.09,325.12,128.51,128.25
28-07-2023,193.67,332.64,131.67,132.21
31-07-2023,194.28,330.23,131.81,133.68
01-08-2023,193.45,330.65,130.65,131.69
02-08-2023,190.45,321.96,127.5,128.21
03-08-2023,189.06,321.13,127.57,128.91
04-08-2023,179.98,322.23,127.23,139.57
07-08-2023,176.88,324.52,130.63,142.22
08-08-2023,177.82,320.53,130.5,139.94
09-08-2023,176.22,316.78,128.77,137.85
10-08-2023,176.01,317.46,128.8,138.56
11-08-2023,176.07,315.58,128.67,138.41
14-08-2023,177.72,318.55,130.43,140.57
15-08-2023,175.73,316.41,128.89,137.67
16-08-2023,174.86,315.64,127.82,135.07
17-08-2023,172.31,312.18,129.03,133.98
18-08-2023,172.8,311.78,126.59,133.22
21-08-2023,174.13,317.1,127.49,134.68
22-08-2023,175.51,317.67,128.2,134.25
23-08-2023,179.36,322.15,131.46,135.52
24-08-2023,174.67,315.22,128.89,131.84
25-08-2023,176.88,318.18,128.99,133.26
28-08-2023,178.44,318.89,130.11,133.14
29-08-2023,182.33,323.53,133.65,134.91
30-08-2023,185.83,323.91,134.95,135.07
31-08-2023,186.05,322.89,135.24,138.01
01-09-2023,187.62,323.78,134.73,138.12
05-09-2023,187.86,328.6,134.84,137.27
06-09-2023,181.14,327.94,133.54,135.36
07-09-2023,175.84,325.01,134.33,137.85
08-09-2023,176.45,329.31,135.45,138.23
11-09-2023,177.62,332.92,135.98,143.1
12-09-2023,174.59,326.84,134.41,141.23
13-09-2023,172.52,331.07,135.77,144.85
14-09-2023,174.04,333.67,137.15,144.72
15-09-2023,173.31,325.32,136.46,140.39
18-09-2023,176.24,324.17,137.26,139.98
19-09-2023,177.33,323.77,137.09,137.63
20-09-2023,173.79,316.01,132.82,135.29
21-09-2023,172.24,314.79,129.55,129.33
22-09-2023,173.09,312.3,129.36,129.12
25-09-2023,174.37,312.83,130.21,131.27
26-09-2023,170.29,307.51,127.68,125.98
27-09-2023,168.78,308.15,129.65,125.98
28-09-2023,169.03,308.98,131.4,125.98
29-09-2023,169.55,311.06,129.96,127.12
02-10-2023,172.06,317.02,133.25,129.46
03-10-2023,170.73,308.74,131.52,124.72
04-10-2023,171.98,314.22,134.31,127
05-10-2023,173.21,314.62,134.14,125.96
06-10-2023,175.77,322.4,136.64,127.96
09-10-2023,177.25,324.92,137.47,128.26
10-10-2023,176.66,323.51,137.11,129.48
11-10-2023,178.06,327.48,139.59,131.83
12-10-2023,178.96,326.24,138.02,132.33
13-10-2023,177.12,322.86,136.42,129.79
16-10-2023,176.99,327.7,138.14,132.55
17-10-2023,175.43,327.13,138.76,131.47
18-10-2023,174.13,325.21,137.01,128.13
19-10-2023,173.76,326.4,136.81,128.4
20-10-2023,171.2,321.82,134.67,125.17
23-10-2023,171.32,324.43,135.56,126.56
24-10-2023,171.76,325.62,137.86,128.56
25-10-2023,169.44,335.61,124.75,121.39
26-10-2023,165.27,323.02,121.44,119.57
27-10-2023,166.59,324.91,121.33,127.74
30-10-2023,168.64,332.3,123.61,132.71
31-10-2023,169.11,333.09,123.23,133.09
01-11-2023,172.28,340.93,125.58,137
02-11-2023,175.85,343.15,126.62,138.07
03-11-2023,174.94,347.56,128.22,138.6
06-11-2023,177.49,351.24,129.36,139.74
07-11-2023,180.06,355.18,130.07,142.71
08-11-2023,181.12,357.81,130.94,142.08
09-11-2023,180.64,355.34,129.35,140.6
10-11-2023,184.84,364.18,131.68,143.56
13-11-2023,183.25,361.24,131.19,142.59
14-11-2023,185.87,364.77,132.7,145.8
15-11-2023,186.43,364.92,133.7,143.2
16-11-2023,188.12,371.34,135.99,142.83
17-11-2023,188.1,365.1,134.38,145.18
20-11-2023,189.84,372.59,135.32,146.13
21-11-2023,189.04,368.28,136.03,143.9
22-11-2023,189.7,373,137.54,146.71
24-11-2023,188.38,372.58,135.75,146.74
27-11-2023,188.2,373.75,135.48,147.73
28-11-2023,188.8,377.78,136.26,147.03
29-11-2023,187.78,373.98,134.07,146.32
30-11-2023,188.36,374.04,131.62,146.09
01-12-2023,189.63,369.7,130.96,147.03
04-12-2023,187.84,364.4,128.38,144.84
05-12-2023,191.8,367.73,130.09,146.88
06-12-2023,190.71,364.06,129.13,144.52
07-12-2023,192.64,366.18,135.99,146.88
08-12-2023,194.07,369.42,134.07,147.42
11-12-2023,191.56,366.53,132.38,145.89
12-12-2023,193.08,369.57,131.61,147.48
13-12-2023,196.3,369.56,131.66,148.84
14-12-2023,196.45,361.23,131.04,147.42
15-12-2023,195.91,365.97,131.69,149.97
18-12-2023,194.25,367.86,134.87,154.07
19-12-2023,195.29,368.46,135.71,153.79
20-12-2023,193.19,365.86,137.39,152.12
21-12-2023,193.05,368.74,139.46,153.84
22-12-2023,191.97,369.77,140.52,153.42
26-12-2023,191.43,369.85,140.55,153.41
27-12-2023,191.53,369.26,139.41,153.34
28-12-2023,191.95,370.46,139.27,153.38
29-12-2023,190.91,371.21,138.73,151.94
02-01-2024,184.08,366.11,137.22,149.93
03-01-2024,182.7,365.84,137.97,148.47
04-01-2024,180.38,363.21,135.46,144.57
05-01-2024,179.66,363.03,134.8,145.24
08-01-2024,184,369.88,137.89,149.1
09-01-2024,183.59,370.96,139.98,151.37
10-01-2024,184.63,377.85,141.31,153.73
11-01-2024,184.03,379.69,141.11,155.18
12-01-2024,184.36,383.48,141.67,154.62
16-01-2024,182.09,385.26,141.51,153.16
17-01-2024,181.15,384.47,140.5,151.71
18-01-2024,187.05,388.81,142.5,153.5
19-01-2024,189.95,393.55,145.38,155.34
22-01-2024,192.26,391.42,144.99,154.78
23-01-2024,193.54,393.78,146.03,156.02
24-01-2024,192.87,397.39,147.68,156.87
25-01-2024,192.54,399.67,150.83,157.75
26-01-2024,190.8,398.74,151.14,159.12
29-01-2024,190.12,404.46,152.46,161.26
30-01-2024,186.46,403.34,150.42,159
31-01-2024,182.85,392.47,139.14,155.2
01-02-2024,185.29,398.59,140.19,159.28
02-02-2024,184.29,405.94,141.4,171.81
05-02-2024,186.1,400.44,142.7,170.31
06-02-2024,187.71,400.28,143.11,169.15
07-02-2024,187.82,408.73,144.54,170.53
08-02-2024,186.74,408.79,144.91,169.84
09-02-2024,187.5,415.15,147.98,174.45
12-02-2024,185.82,409.93,146.52,172.34
13-02-2024,183.72,401.1,144.15,168.64
14-02-2024,182.84,404.98,144.94,170.98
15-02-2024,182.55,402.08,141.79,169.8
16-02-2024,181.01,399.61,139.56,169.51
20-02-2024,180.27,398.35,140.15,167.08
21-02-2024,181.02,397.75,141.57,168.59
22-02-2024,183.06,407.11,143.1,174.58
23-02-2024,181.22,405.82,142.97,174.99
26-02-2024,179.87,403.05,136.63,174.73
27-02-2024,181.33,402.99,137.93,173.54
28-02-2024,180.13,403.23,135.45,173.16
29-02-2024,179.46,409.08,137.51,176.76
01-03-2024,178.38,410.92,136.2,178.22
04-03-2024,173.85,410.35,132.44,177.58
05-03-2024,168.91,398.21,131.76,174.12
06-03-2024,167.91,397.66,130.5,173.51
07-03-2024,167.8,404.63,133.46,176.82
08-03-2024,169.51,401.74,134.48,175.35
11-03-2024,171.52,400.06,136.73,171.96
12-03-2024,171.99,410.7,137.55,175.39
13-03-2024,169.91,410.53,138.83,176.56
14-03-2024,171.77,420.53,142.12,178.75
15-03-2024,171.39,411.83,140.21,174.42
18-03-2024,172.48,412.72,146.67,174.48
19-03-2024,174.82,416.77,146.02,175.9
20-03-2024,177.4,420.54,147.72,178.15
21-03-2024,170.15,424.64,146.59,178.15
22-03-2024,171.05,424.01,149.74,178.87
25-03-2024,169.63,418.2,149.04,179.71
26-03-2024,168.5,417,149.64,178.3
27-03-2024,172.07,416.79,149.84,179.83
28-03-2024,170.26,416.08,149.9,180.38
01-04-2024,168.82,419.89,154.42,180.97
02-04-2024,167.64,416.8,153.5,180.69
03-04-2024,168.44,415.82,153.86,182.41
04-04-2024,167.62,413.27,149.5,180
05-04-2024,168.37,420.83,151.46,185.07
08-04-2024,167.25,419.91,153.79,185.19
09-04-2024,168.46,421.58,155.53,185.67
10-04-2024,166.58,418.6,155.07,185.95
11-04-2024,173.79,423.21,158.32,189.05
12-04-2024,175.29,417.25,156.65,186.13
15-04-2024,171.46,409.08,153.8,183.62
16-04-2024,168.17,410.01,153.34,183.32
17-04-2024,166.8,407.3,154.41,181.28
18-04-2024,165.85,399.81,154.94,179.22
19-04-2024,163.82,394.72,153.03,174.63
22-04-2024,164.66,396.54,155.21,177.23
23-04-2024,165.71,403.08,157.18,179.54
24-04-2024,167.81,404.55,158.04,176.59
25-04-2024,168.68,394.64,154.93,173.67
26-04-2024,168.09,401.84,170.77,179.62
29-04-2024,172.26,397.82,165.01,180.96
30-04-2024,169.12,385.04,161.66,175
01-05-2024,168.09,390.59,162.74,179
02-05-2024,171.8,393.46,165.48,184.72
03-05-2024,182.07,402.18,166.09,186.21
06-05-2024,180.41,408.98,166.95,188.7
07-05-2024,181.1,404.83,170.08,188.76
08-05-2024,181.44,406.02,168.22,188
09-05-2024,183.25,407.78,168.8,189.5
10-05-2024,181.99,410.17,167.49,187.48
13-05-2024,185.2,409.16,167.98,186.57
14-05-2024,186.35,411.97,169.17,187.07
15-05-2024,188.62,419.17,171.33,185.99
16-05-2024,188.74,417.1,172.99,183.63
17-05-2024,188.77,416.33,174.85,184.7
20-05-2024,189.94,421.41,175.71,183.54
21-05-2024,191.24,425.08,176.63,183.15
22-05-2024,189.8,426.54,175.17,183.13
23-05-2024,185.8,423.06,172.36,181.05
24-05-2024,188.88,426.19,173.79,180.75
28-05-2024,188.89,426.34,175.19,182.15
29-05-2024,189.19,425.21,174.7,182.02
30-05-2024,190.18,410.84,170.93,179.32
31-05-2024,191.14,411.3,171.32,176.44
03-06-2024,192.91,409.7,171.98,178.34
04-06-2024,193.23,412.23,172.6,179.34
05-06-2024,194.74,420.09,174.21,181.28
06-06-2024,193.36,420.6,175.52,185
07-06-2024,195.75,419.93,173.26,184.3
10-06-2024,192,423.92,174.01,187.06
11-06-2024,205.95,428.68,175.61,187.23
12-06-2024,211.84,436.99,176.77,186.89
13-06-2024,213,437.5,174.16,183.83
14-06-2024,211.26,438.48,175.78,183.66
17-06-2024,215.42,444.23,176.23,184.06
18-06-2024,213.05,442.22,174.09,182.81
20-06-2024,208.47,441.58,175.29,186.1
21-06-2024,206.29,445.63,178.6,189.08
24-06-2024,206.94,443.53,178.2,185.57
25-06-2024,207.86,446.78,182.98,186.34
26-06-2024,212.02,447.98,182.83,193.61
27-06-2024,212.86,448.67,184.35,197.85
28-06-2024,209.4,442.82,181.11,193.25
01-07-2024,215.5,452.51,181.95,197.2
02-07-2024,219,455.04,184.18,200
03-07-2024,220.27,456.51,184.76,197.59
05-07-2024,225.03,463.24,189.51,200
08-07-2024,226.5,461.93,187.95,199.29
09-07-2024,227.36,455.3,187.9,199.34
10-07-2024,231.63,461.94,190.09,199.79
11-07-2024,226.25,450.5,184.51,195.05
12-07-2024,229.21,449.36,184.01,194.49
15-07-2024,233.04,449.77,185.46,192.72
16-07-2024,233.46,445.37,182.87,193.02
17-07-2024,227.56,439.42,179.99,187.93
18-07-2024,222.88,436.3,176.68,183.75
19-07-2024,223.01,433.07,176.65,183.13
22-07-2024,222.66,438.85,180.63,182.55
23-07-2024,223.71,440.74,180.75,186.41
24-07-2024,217.28,424.94,171.64,180.83
25-07-2024,216.23,414.54,166.32,179.85
26-07-2024,216.7,421.34,166.05,182.5
29-07-2024,216.98,422.79,168.56,183.2
30-07-2024,217.53,419.01,169.32,181.71
31-07-2024,220.8,414.49,170.56,186.98
01-08-2024,217.1,413.26,169.78,184.07
02-08-2024,218.59,404.72,165.71,167.9
05-08-2024,208.06,391.5,158.34,161.02
06-08-2024,206.03,395.92,157.39,161.93
07-08-2024,208.61,394.75,158.03,162.77
08-08-2024,212.08,398.97,161.1,165.8
09-08-2024,214.99,402.27,162.74,166.94
12-08-2024,216.52,403.05,161.36,166.8
13-08-2024,220.24,410.19,163.22,170.23
14-08-2024,220.69,413.01,159.45,170.1
15-08-2024,223.68,417.89,160.38,177.59
16-08-2024,225,415.35,162.03,177.06
19-08-2024,224.84,418.39,165.72,178.22
20-08-2024,225.46,421.63,166.23,178.88
21-08-2024,225.35,420.98,164.9,180.11
22-08-2024,223.49,412.45,162.86,176.13
23-08-2024,225.79,413.68,164.67,177.04
26-08-2024,226.13,410.41,165.21,175.5
27-08-2024,226.97,410.76,163.74,173.12
28-08-2024,225.44,407.54,161.92,170.8
29-08-2024,228.73,410.04,160.86,172.12
30-08-2024,227.94,414.03,162.45,178.5
03-09-2024,221.74,406.39,156.46,176.25
04-09-2024,219.83,405.85,155.56,173.33
05-09-2024,221.35,405.35,156.34,177.89
06-09-2024,219.8,398.71,150.06,171.39
09-09-2024,219.89,402.7,148.06,175.4
10-09-2024,219.09,411.11,148.01,179.55
11-09-2024,221.63,419.89,150.5,184.52
12-09-2024,221.74,423.82,154.01,187
13-09-2024,221.47,427.38,156.77,186.49
16-09-2024,215.32,428.13,157.37,184.89
17-09-2024,215.79,431.91,158.62,186.88
18-09-2024,219.67,427.6,159.11,186.43
19-09-2024,227.81,435.42,161.43,189.87
20-09-2024,227.14,432.03,162.87,191.6
23-09-2024,225.42,430.28,161.14,193.88
24-09-2024,226.32,425.97,161.58,193.96
25-09-2024,225.32,428.89,160.78,192.53
26-09-2024,226.47,428.1,162.02,191.16
27-09-2024,226.73,424.83,163.23,187.97
30-09-2024,231.92,427.09,165.12,186.33
01-10-2024,225.16,417.56,166.26,185.13
02-10-2024,225.73,414.02,165.13,184.76
03-10-2024,224.62,413.44,165.13,181.96
04-10-2024,225.75,412.96,166.33,186.51
07-10-2024,220.66,406.49,162.26,180.8
08-10-2024,224.72,411.62,163.66,182.72
09-10-2024,228.48,414.35,161.15,185.17
10-10-2024,227.98,412.74,161.37,186.65
11-10-2024,226.5,413.22,162.52,188.82
14-10-2024,230.23,416.02,164.24,187.54
15-10-2024,232.77,415.62,164.73,187.69
16-10-2024,230.71,413.02,164.43,186.89
17-10-2024,231.07,413.61,162.21,187.53
18-10-2024,233.91,415.04,162.7,188.99
21-10-2024,235.38,415.66,163.35,189.07
22-10-2024,234.77,424.32,164.41,189.7
23-10-2024,229.69,421.44,162.07,184.71
24-10-2024,229.5,421.57,162.01,186.38
25-10-2024,230.34,424.96,164.54,187.83
28-10-2024,232.32,423.41,165.99,188.39
29-10-2024,232.59,428.73,168.93,190.83
30-10-2024,229.03,429.31,173.69,192.73
31-10-2024,224.86,403.32,170.36,186.4
01-11-2024,221.88,407.31,170.54,197.93
04-11-2024,220.98,405.42,168.5,195.78
05-11-2024,222.41,408.39,168.99,199.5
06-11-2024,221.69,417.05,175.74,207.09
07-11-2024,226.43,422.26,179.96,210.05
08-11-2024,226.16,419.39,177.57,208.18
11-11-2024,223.44,414.9,179.56,206.84
12-11-2024,223.44,419.88,180.82,208.91
13-11-2024,224.32,422.03,178.09,214.1
14-11-2024,227.41,423.71,174.81,211.48
15-11-2024,224.2,411.91,171.73,202.61
18-11-2024,227.21,412.66,174.53,201.7
19-11-2024,227.47,414.68,177.34,204.61
20-11-2024,228.19,412.39,175.21,202.88
21-11-2024,227.71,410.61,166.89,198.38
22-11-2024,229.06,414.72,164.04,197.12
25-11-2024,232.05,416.5,166.91,201.45
26-11-2024,234.23,425.65,168.38,207.86
27-11-2024,234.1,420.68,168.49,205.74
29-11-2024,236.49,421.15,168.21,207.89
02-12-2024,238.74,428.62,170.74,210.71
03-12-2024,241.79,428.84,170.59,213.44
04-12-2024,242.15,435.03,173.6,218.16
05-12-2024,242.18,440.2,171.88,220.55
06-12-2024,241.98,441.15,173.94,227.03
09-12-2024,245.88,443.58,174.8,226.09
10-12-2024,246.89,440.91,184.57,225.04
11-12-2024,245.62,446.54,194.77,230.26
12-12-2024,247.08,447.1,191.34,228.97
13-12-2024,247.25,444.83,189.2,227.46
16-12-2024,250.15,449.12,196.02,232.93
17-12-2024,252.58,451.98,194.78,231.15
18-12-2024,247.17,435,187.79,220.52
19-12-2024,248.91,434.64,187.9,223.29
20-12-2024,253.59,434.21,190.79,224.92
23-12-2024,254.37,432.87,194,225.06
24-12-2024,257.29,436.93,195.47,229.05
26-12-2024,258.1,435.72,194.96,227.05
27-12-2024,254.69,428.18,192.13,223.75
30-12-2024,251.31,422.51,190.62,221.3
31-12-2024,249.53,419.2,188.68,219.39
02-01-2025,242.99,416.29,188.81,220.22
03-01-2025,242.5,421.04,191.17,224.19
06-01-2025,244.13,425.51,196.23,227.61
07-01-2025,241.35,420.06,194.85,222.11
08-01-2025,241.84,422.24,193.32,222.13
10-01-2025,236.01,416.66,191.42,218.94
13-01-2025,233.57,414.91,190.39,218.46
14-01-2025,232.45,413.4,189.04,217.76
15-01-2025,237.03,423.98,194.91,223.35
16-01-2025,227.45,422.26,192.28,220.66
17-01-2025,229.17,426.69,195.36,225.94
21-01-2025,221.85,426.16,197.41,230.71
22-01-2025,223.04,443.76,197.73,235.01
23-01-2025,222.87,444.27,197.34,235.42
24-01-2025,221.99,441.63,199.56,234.85
27-01-2025,229.05,432.19,191.19,235.42
28-01-2025,237.42,444.76,194.67,238.15
29-01-2025,238.51,439.91,194.77,237.07
30-01-2025,236.75,412.72,200.22,234.64
31-01-2025,235.17,412.79,203.36,237.68
03-02-2025,227.2,408.67,200.58,237.42
04-02-2025,231.98,410.12,205.71,242.06
05-02-2025,231.65,411.03,190.71,236.17
06-02-2025,232.4,413.55,190.98,238.83
07-02-2025,226.82,407.51,184.74,229.15
10-02-2025,227.09,409.97,185.86,233.14
11-02-2025,232.05,409.19,184.72,232.76
12-02-2025,236.29,406.8,183.01,228.93
13-02-2025,240.94,408.3,185.54,230.37
14-02-2025,244,406.2,184.63,228.68
18-02-2025,243.87,407.4,183.17,226.65
19-02-2025,244.27,412.5,184.67,226.63
20-02-2025,245.23,414.69,183.96,222.88
21-02-2025,244.95,406.79,179.08,216.58
24-02-2025,246.5,402.6,178.67,212.71
25-02-2025,246.44,396.52,174.85,212.8
26-02-2025,239.77,398.34,172.17,214.35
27-02-2025,236.72,391.17,167.95,208.74
28-02-2025,241.25,395.61,169.73,212.28
03-03-2025,237.45,387.14,166.47,205.02
04-03-2025,235.35,387.26,170.36,203.8
05-03-2025,235.16,399.63,172.46,208.36
06-03-2025,234.76,395.51,171.79,200.7
07-03-2025,238.49,391.94,173.3,199.25
10-03-2025,226.92,378.84,165.52,194.54
11-03-2025,220.3,379.13,163.7,196.59
12-03-2025,216.45,381.94,166.76,198.89
13-03-2025,209.17,377.46,162.42,193.89
14-03-2025,212.97,387.21,165.14,197.95
17-03-2025,213.48,387.35,163.94,195.74
18-03-2025,212.17,382.19,160.33,192.82
19-03-2025,214.71,386.47,163.55,195.54
20-03-2025,213.58,385.5,162.46,194.95
21-03-2025,217.74,389.9,163.65,196.21
24-03-2025,220.19,391.72,167.33,203.26
25-03-2025,223.2,393.79,170.2,205.71
26-03-2025,220.99,388.62,164.71,201.13
27-03-2025,223.3,389.22,161.9,201.36
28-03-2025,217.37,377.49,154.01,192.72
31-03-2025,221.59,374.09,154.31,190.26
01-04-2025,222.65,380.86,156.74,192.17
02-04-2025,223.34,380.81,156.71,196.01
03-04-2025,202.69,371.82,150.4,178.41
04-04-2025,187.92,358.59,145.29,171
07-04-2025,181.02,356.62,146.44,175.26
08-04-2025,172,353.33,144.4,170.66
09-04-2025,198.36,389.13,158.38,191.1
10-04-2025,189.96,380.03,152.5,181.22
11-04-2025,197.67,387.1,156.81,184.87
14-04-2025,202.03,386.46,158.74,182.12
15-04-2025,201.65,384.39,155.98,179.59
16-04-2025,193.8,370.32,153.01,174.33
17-04-2025,196.5,366.5,150.84,172.61
21-04-2025,192.69,357.87,147.36,167.32
22-04-2025,199.25,365.55,151.15,173.18
23-04-2025,204.1,373.09,155.02,180.6
24-04-2025,207.86,385.96,158.95,186.54
25-04-2025,208.77,390.49,161.62,188.99
28-04-2025,209.63,389.8,160.27,187.7
29-04-2025,210.69,392.67,159.82,187.39
30-04-2025,211.98,393.89,158.47,184.42
01-05-2025,212.8,423.92,160.96,190.2
02-05-2025,204.85,433.77,163.69,189.98
05-05-2025,198.4,434.66,163.86,186.35
06-05-2025,198.03,431.81,162.89,185.01
07-05-2025,195.77,431.85,151.06,188.71
08-05-2025,197.01,436.65,153.96,192.08
09-05-2025,198.05,437.21,152.43,193.06
12-05-2025,210.55,447.7,158.13,208.64
13-05-2025,212.69,447.58,159.19,211.37
14-05-2025,212.09,451.37,165.02,210.25
15-05-2025,211.21,452.39,163.62,205.17
16-05-2025,211.02,453.52,165.84,205.59
19-05-2025,208.54,458.12,166.19,206.16
20-05-2025,206.63,457.42,163.64,204.07
21-05-2025,201.86,451.83,168.21,201.12
22-05-2025,201.13,454.11,170.51,203.1
23-05-2025,195.05,449.44,168.12,200.99
27-05-2025,199.98,459.93,172.54,206.02
28-05-2025,200.19,456.61,172,204.72
29-05-2025,199.72,457.93,171.5,205.7
30-05-2025,200.62,459.6,171.38,205.01
02-06-2025,201.47,461.21,168.67,206.65
03-06-2025,203.04,462.21,165.83,205.71
04-06-2025,202.59,463.11,167.7,207.23
05-06-2025,200.4,466.91,167.86,207.91
06-06-2025,203.69,469.61,173.31,213.57
09-06-2025,201.22,471.97,175.93,216.98
10-06-2025,202.44,470.15,178.44,217.61
11-06-2025,198.55,471.84,177.19,213.2
12-06-2025,198.97,478.08,175.54,213.24
13-06-2025,196.23,474.18,174.51,212.1
16-06-2025,198.2,478.35,176.61,216.1
17-06-2025,195.42,477.26,175.79,214.82
18-06-2025,196.36,479.45,173.17,212.52
20-06-2025,200.77,476.62,166.49,209.69
23-06-2025,201.27,485.2,165.04,208.47
24-06-2025,200.07,489.31,166.62,212.77
25-06-2025,201.33,491.46,170.53,211.99
26-06-2025,200.77,496.63,173.38,217.12
27-06-2025,200.85,495.13,178.37,223.3
30-06-2025,204.94,496.59,176.07,219.39
01-07-2025,207.58,491.24,175.68,220.46
02-07-2025,212.2,490.28,178.48,219.92
03-07-2025,213.31,498.02,179.37,223.41
07-07-2025,209.71,496.9,176.63,223.47
08-07-2025,209.77,495.8,174.2,219.36
09-07-2025,210.9,502.68,176.46,222.54
10-07-2025,212.17,500.66,177.46,222.26
11-07-2025,210.92,502.49,180.03,225.02
14-07-2025,208.38,502.19,181.4,225.69
15-07-2025,208.87,504.99,181.84,226.35
16-07-2025,209.92,504.79,182.81,223.19
17-07-2025,209.78,510.86,183.42,223.88
18-07-2025,210.94,509.21,184.89,226.13
21-07-2025,212.24,509.22,189.93,229.3
22-07-2025,214.16,504.44,191.17,227.47
23-07-2025,213.91,505.04,190.06,228.29
24-07-2025,213.52,510.04,192,232.23
25-07-2025,213.64,512.87,193.01,231.44
28-07-2025,213.81,511.66,192.41,232.79
29-07-2025,211.03,511.73,195.58,231.01
30-07-2025,208.81,512.4,196.35,230.19
31-07-2025,207.33,532.62,191.73,234.11
01-08-2025,202.15,523.25,188.96,214.75
04-08-2025,203.12,534.76,194.87,211.65
05-08-2025,202.69,526.88,194.5,213.75
06-08-2025,213.01,524.08,195.91,222.31
07-08-2025,219.78,519.99,196.34,223.13
08-08-2025,229.09,521.18,201.24,222.69
11-08-2025,227.18,520.91,200.82,221.3
12-08-2025,229.65,528.37,203.16,221.47
13-08-2025,233.33,519.73,201.78,224.56
14-08-2025,232.78,521.62,202.76,230.98
15-08-2025,231.59,519.32,203.72,231.03
18-08-2025,230.89,516.25,203.32,231.49
19-08-2025,230.56,508.93,201.39,228.01
20-08-2025,226.01,504.89,199.14,223.81
21-08-2025,224.9,504.24,199.57,221.95
22-08-2025,227.76,507.23,205.91,228.84
25-08-2025,227.16,504.26,208.3,227.94
26-08-2025,229.31,502.04,206.95,228.71
27-08-2025,230.49,506.74,207.29,229.12
28-08-2025,232.56,509.64,211.45,231.6
29-08-2025,232.14,506.69,212.72,229
02-09-2025,229.72,505.12,211.16,225.34
03-09-2025,238.47,505.35,230.45,225.99
04-09-2025,239.78,507.97,232.09,235.68
05-09-2025,239.69,495,234.79,232.33
08-09-2025,237.88,498.2,234.04,235.84
09-09-2025,234.35,498.41,239.63,238.24
10-09-2025,226.79,500.37,239.17,230.33
11-09-2025,230.03,501.01,240.37,229.95
12-09-2025,234.07,509.9,240.8,228.15
15-09-2025,236.7,515.36,251.61,231.43
16-09-2025,238.15,509.04,251.16,234.05
17-09-2025,238.99,510.02,249.53,231.62
18-09-2025,237.88,508.45,252.03,231.23
19-09-2025,245.5,517.93,254.72,231.48
22-09-2025,256.08,514.45,252.53,227.63
23-09-2025,254.43,509.23,251.66,220.71
24-09-2025,252.31,510.15,247.14,220.21
25-09-2025,256.87,507.03,245.79,218.15
26-09-2025,255.46,511.46,246.54,219.78
29-09-2025,254.43,514.6,244.05,222.17
30-09-2025,254.63,517.95,243.1,219.57
01-10-2025,255.45,519.71,244.9,220.63
02-10-2025,257.13,515.74,245.69,222.41
03-10-2025,258.02,517.35,245.35,219.51
06-10-2025,256.69,528.57,250.43,220.9
07-10-2025,256.48,523.98,245.76,221.78
08-10-2025,258.06,524.85,244.62,225.22
09-10-2025,254.04,522.4,241.53,227.74
10-10-2025,245.27,510.96,236.57,216.37
13-10-2025,247.66,514.05,244.15,220.07
14-10-2025,247.77,513.57,245.45,216.39
15-10-2025,249.34,513.43,251.03,215.57
16-10-2025,247.45,511.61,251.46,214.47
17-10-2025,252.29,513.58,253.3,213.04
20-10-2025,262.24,516.79,256.55,216.48
21-10-2025,262.77,517.66,250.46,222.03
22-10-2025,258.45,520.54,251.69,217.95
23-10-2025,259.58,520.56,253.08,221.09
24-10-2025,262.82,523.61,259.92,224.21
