symbol,date,adjOpen,adjHigh,adjLow,adjClose,volume
MSFT,2025-10-24,522.79,525.35,520.71,523.61,15532360
MSFT,2025-10-23,522.46,523.95,518.61,520.56,14023532
MSFT,2025-10-22,521.15,525.23,517.71,520.54,18962700
MSFT,2025-10-21,517.5,518.69,513.04,517.66,15586204
MSFT,2025-10-20,514.61,518.7,513.43,516.79,14665620
MSFT,2025-10-17,509.04,515.48,507.31,513.58,19867800
MSFT,2025-10-16,512.58,516.85,508.13,511.61,15559600
MSFT,2025-10-15,514.96,517.19,510.0,513.43,14694700
MSFT,2025-10-14,510.23,515.28,506.0,513.57,14684300
MSFT,2025-10-13,516.41,516.41,511.68,514.05,14284238
MSFT,2025-10-10,519.64,523.58,509.63,510.96,24133840
MSFT,2025-10-09,522.34,524.33,517.4,522.4,18343602
MSFT,2025-10-08,523.28,526.95,523.09,524.85,13363447
MSFT,2025-10-07,528.29,529.8,521.44,523.98,14615208
MSFT,2025-10-06,518.61,531.03,518.2,528.57,21388600
MSFT,2025-10-03,517.1,520.49,515.0,517.35,15112321
MSFT,2025-10-02,517.64,521.6,510.68,515.74,21222900
MSFT,2025-10-01,514.8,520.51,511.69,519.71,22632336
MSFT,2025-09-30,513.24,518.16,509.66,517.95,19728229
MSFT,2025-09-29,511.5,516.85,508.88,514.6,17617800
MSFT,2025-09-26,510.06,513.94,506.62,511.46,16213129
MSFT,2025-09-25,508.3,510.01,505.04,507.03,15786500
MSFT,2025-09-24,510.38,512.48,506.92,510.15,13533711
MSFT,2025-09-23,513.8,514.59,507.31,509.23,19799600
MSFT,2025-09-22,515.59,517.74,512.54,514.45,20009314
MSFT,2025-09-19,510.56,519.3,510.31,517.93,52474100
MSFT,2025-09-18,511.49,513.07,507.66,508.45,18913700
MSFT,2025-09-17,510.62,511.29,505.93,510.02,15816600
MSFT,2025-09-16,516.88,517.23,508.6,509.04,19711922
MSFT,2025-09-15,508.79,515.47,507.0,515.36,17143800
MSFT,2025-09-12,506.65,512.55,503.85,509.9,23624900
MSFT,2025-09-11,502.25,503.17,497.88,501.01,18881608
MSFT,2025-09-10,502.98,503.23,496.72,500.37,21611816
MSFT,2025-09-09,501.43,502.25,497.7,498.41,14410542
MSFT,2025-09-08,498.11,501.2,495.03,498.2,16771015
MSFT,2025-09-05,509.07,511.97,492.37,495.0,31994846
MSFT,2025-09-04,504.3,508.15,503.15,507.97,15509500
MSFT,2025-09-03,503.79,507.79,502.32,505.35,16345100
MSFT,2025-09-02,500.47,506.0,496.81,505.12,18128000
MSFT,2025-08-29,508.66,509.6,504.49,506.69,20961600
MSFT,2025-08-28,507.09,511.09,505.5,509.64,18015600
MSFT,2025-08-27,502.0,507.29,499.9,506.74,17277900
MSFT,2025-08-26,504.36,504.98,498.51,502.04,30835709
MSFT,2025-08-25,506.63,508.19,504.12,504.26,21638600
MSFT,2025-08-22,504.25,510.73,502.41,507.23,24324200
MSFT,2025-08-21,503.69,507.63,502.72,504.24,18443300
MSFT,2025-08-20,509.03,510.16,503.61,504.89,27723025
MSFT,2025-08-19,514.15,514.31,507.71,508.93,21481016
MSFT,2025-08-18,520.73,521.96,513.18,516.25,23760600
MSFT,2025-08-15,521.92,525.24,518.23,519.32,25213300
MSFT,2025-08-14,521.7,525.08,519.28,521.62,20269100
MSFT,2025-08-13,531.24,531.83,518.52,519.73,19619200
MSFT,2025-08-12,522.89,530.11,521.84,528.37,18688921
MSFT,2025-08-11,521.44,526.72,518.86,520.91,20194400
MSFT,2025-08-08,521.74,523.8,518.55,521.18,15531009
MSFT,2025-08-07,525.94,527.23,516.71,519.99,16079144
MSFT,2025-08-06,530.03,530.83,523.17,524.08,21355702
MSFT,2025-08-05,536.29,536.41,526.37,526.88,19171600
MSFT,2025-08-04,527.4,537.37,527.26,534.76,25349004
MSFT,2025-08-01,534.12,534.92,520.01,523.25,28977628
MSFT,2025-07-31,554.31,554.53,531.02,532.62,51617326
MSFT,2025-07-30,514.33,515.11,508.61,512.4,26380434
MSFT,2025-07-29,514.69,516.77,510.72,511.73,16469235
MSFT,2025-07-28,513.24,514.16,509.28,511.66,14308027
MSFT,2025-07-25,511.63,517.44,509.53,512.87,19125700
MSFT,2025-07-24,507.93,512.83,506.47,510.04,16107000
MSFT,2025-07-23,505.92,505.96,499.88,505.04,16396600
MSFT,2025-07-22,510.13,510.36,504.44,504.44,13868644
MSFT,2025-07-21,505.88,511.25,504.72,509.22,14066805
MSFT,2025-07-18,513.63,513.79,506.59,509.21,21209700
MSFT,2025-07-17,504.85,512.53,504.79,510.86,17503129
MSFT,2025-07-16,504.35,505.89,501.07,504.79,15154400
MSFT,2025-07-15,502.19,507.47,501.96,504.99,14927202
MSFT,2025-07-14,500.69,503.14,500.2,502.19,12058848
MSFT,2025-07-11,497.65,504.2,496.98,502.49,16459512
MSFT,2025-07-10,502.23,503.62,496.94,500.66,16498740
MSFT,2025-07-09,499.48,505.94,498.92,502.68,18659538
MSFT,2025-07-08,496.42,497.38,493.29,495.8,11846600
MSFT,2025-07-07,496.56,497.93,494.41,496.9,13981605
MSFT,2025-07-03,493.0,499.31,492.63,498.02,13984829
MSFT,2025-07-02,489.18,492.69,487.89,490.28,16319641
MSFT,2025-07-01,495.65,497.23,490.17,491.24,19945400
MSFT,2025-06-30,496.22,499.93,494.51,496.59,28369000
MSFT,2025-06-27,496.74,498.48,492.22,495.13,34539236
MSFT,2025-06-26,492.17,497.22,492.0,496.63,21578900
MSFT,2025-06-25,491.23,493.75,488.58,491.46,17495100
MSFT,2025-06-24,488.15,491.05,486.01,489.31,22305642
MSFT,2025-06-23,477.42,486.95,471.73,485.2,24864000
MSFT,2025-06-20,481.44,482.67,476.09,476.62,37576206
MSFT,2025-06-18,477.21,480.21,473.68,479.45,17526500
MSFT,2025-06-17,474.62,477.96,473.31,477.26,15414128
MSFT,2025-06-16,474.43,479.9,474.22,478.35,15626104
MSFT,2025-06-13,475.63,478.39,471.98,474.18,16814500
MSFT,2025-06-12,474.24,479.63,472.74,478.08,18950600
MSFT,2025-06-11,469.24,474.69,468.88,471.84,16399200
MSFT,2025-06-10,470.42,472.03,466.2,470.15,15375944
MSFT,2025-06-09,468.93,472.65,467.85,471.97,16469932
MSFT,2025-06-06,469.32,472.57,468.01,469.61,15285624
MSFT,2025-06-05,464.19,468.88,463.27,466.91,20154460
MSFT,2025-06-04,463.24,464.93,462.26,463.11,14162700
MSFT,2025-06-03,460.71,463.38,460.1,462.21,15743800
MSFT,2025-06-02,456.39,461.35,456.14,461.21,16626500
MSFT,2025-05-30,458.96,460.92,454.79,459.6,34770500
MSFT,2025-05-29,460.8,460.97,454.57,457.93,13982211
MSFT,2025-05-28,460.46,461.76,456.18,456.61,17086300
MSFT,2025-05-27,455.73,460.19,455.37,459.93,20974300
MSFT,2025-05-23,449.24,452.94,448.17,449.44,16883509
MSFT,2025-05-22,454.2,459.49,453.15,454.11,18025612
MSFT,2025-05-21,453.83,457.03,451.07,451.83,19216906
MSFT,2025-05-20,454.84,457.59,453.58,457.42,15441808
MSFT,2025-05-19,450.14,458.84,450.06,458.12,21336509
MSFT,2025-05-16,451.3,453.61,447.99,453.52,23849800
MSFT,2025-05-15,450.03,455.45,449.69,452.39,21992323
MSFT,2025-05-14,446.59,452.33,446.59,451.37,19902800
MSFT,2025-05-13,446.22,449.1,443.81,447.58,23618819
MSFT,2025-05-12,444.39,447.81,438.25,447.7,22821935
MSFT,2025-05-09,438.48,439.21,434.37,437.21,15324233
MSFT,2025-05-08,436.41,442.13,434.15,436.65,23491330
MSFT,2025-05-07,432.34,436.6,429.62,431.85,23307241
MSFT,2025-05-06,430.7,436.21,429.68,431.81,15104204
MSFT,2025-05-05,431.37,437.98,430.61,434.66,20136100
MSFT,2025-05-02,430.24,437.92,428.5,433.77,30757434
MSFT,2025-05-01,429.61,435.47,423.42,423.92,58938100
MSFT,2025-04-30,388.95,395.29,383.11,393.89,36461100
MSFT,2025-04-29,389.94,393.73,389.02,392.67,14974000
MSFT,2025-04-28,390.6,391.37,385.3,389.8,16579430
MSFT,2025-04-25,385.66,390.8,383.27,390.49,18973200
MSFT,2025-04-24,374.4,387.11,373.89,385.96,22232300
MSFT,2025-04-23,374.75,379.07,371.72,373.09,20545526
MSFT,2025-04-22,362.12,366.5,358.61,365.55,19485000
MSFT,2025-04-21,361.56,363.21,354.43,357.87,20807300
MSFT,2025-04-17,372.45,373.02,365.61,366.5,21120200
MSFT,2025-04-16,379.35,380.29,366.72,370.32,21967826
MSFT,2025-04-15,387.16,390.53,382.83,384.39,17199900
MSFT,2025-04-14,391.85,393.28,382.87,386.46,19251200
MSFT,2025-04-11,379.32,388.69,377.57,387.1,23839220
MSFT,2025-04-10,380.74,382.57,366.53,380.03,38024400
MSFT,2025-04-09,352.31,391.86,351.87,389.13,50199700
MSFT,2025-04-08,366.98,372.35,349.03,353.33,35868918
MSFT,2025-04-07,349.66,369.71,343.6,356.62,50425000
MSFT,2025-04-04,362.87,373.29,358.23,358.59,49209900
MSFT,2025-04-03,373.49,376.17,368.07,371.82,30198000
MSFT,2025-04-02,376.65,383.74,375.31,380.81,16092600
MSFT,2025-04-01,373.35,381.52,371.93,380.86,19689503
MSFT,2025-03-31,371.25,375.76,365.97,374.09,35184700
MSFT,2025-03-28,386.74,387.78,375.63,377.49,21632016
MSFT,2025-03-27,388.77,390.87,386.05,389.22,13766800
MSFT,2025-03-26,393.63,393.94,387.22,388.62,16132906
MSFT,2025-03-25,392.55,394.99,391.28,393.79,15775000
MSFT,2025-03-24,394.03,394.03,388.46,391.72,21004548
MSFT,2025-03-21,381.89,390.38,381.47,389.9,39675928
MSFT,2025-03-20,384.4,390.43,381.95,385.5,18470542
MSFT,2025-03-19,384.19,388.32,382.66,386.47,19185532
MSFT,2025-03-18,385.73,386.03,379.78,382.19,19486900
MSFT,2025-03-17,385.36,391.35,384.23,387.35,22474300
MSFT,2025-03-14,378.46,388.87,378.19,387.21,19952846
MSFT,2025-03-13,381.83,383.99,376.14,377.46,20473017
MSFT,2025-03-12,381.62,383.88,377.63,381.94,24253600
MSFT,2025-03-11,377.69,384.66,375.6,379.13,30380200
MSFT,2025-03-10,384.5,385.06,375.91,378.84,32840134
MSFT,2025-03-07,390.95,393.42,384.2,391.94,22034100
MSFT,2025-03-06,392.91,400.75,391.31,395.51,23304625
MSFT,2025-03-05,387.99,400.28,387.46,399.63,23433132
MSFT,2025-03-04,382.07,391.22,379.68,387.26,29342923
MSFT,2025-03-03,397.43,397.43,384.82,387.14,23007726
MSFT,2025-02-28,391.3,396.25,385.23,395.61,32845700
MSFT,2025-02-27,399.88,404.33,390.81,391.17,21127406
MSFT,2025-02-26,396.63,402.2,392.88,398.34,19619000
MSFT,2025-02-25,399.71,400.53,395.32,396.52,29387402
MSFT,2025-02-24,407.09,407.95,397.94,402.6,26443700
MSFT,2025-02-21,415.89,416.6,406.47,406.79,27524800
MSFT,2025-02-20,413.85,417.86,411.11,414.69,23508728
MSFT,2025-02-19,405.65,413.22,405.42,412.5,24114200
MSFT,2025-02-18,405.77,408.35,404.28,407.4,21423100
MSFT,2025-02-14,405.56,406.68,403.66,406.2,22758500
MSFT,2025-02-13,404.78,408.76,404.14,408.3,23891731
MSFT,2025-02-12,404.98,408.5,402.16,406.8,19121734
MSFT,2025-02-11,407.4,410.23,407.06,409.19,18140600
MSFT,2025-02-10,411.45,413.19,408.68,409.97,20817919
MSFT,2025-02-07,414.2,416.36,405.87,407.51,22886844
MSFT,2025-02-06,411.74,415.92,411.74,413.55,16309800
MSFT,2025-02-05,410.1,411.57,408.16,411.03,16336188
MSFT,2025-02-04,410.44,411.66,407.5,410.12,20532100
MSFT,2025-02-03,409.35,413.14,406.42,408.67,25679149
MSFT,2025-01-31,416.69,418.39,412.64,412.79,34223388
MSFT,2025-01-30,416.48,420.55,410.9,412.72,54586300
MSFT,2025-01-29,444.25,444.44,437.99,439.91,23581400
MSFT,2025-01-28,432.23,445.93,429.03,444.76,23491703
MSFT,2025-01-27,421.7,432.83,421.19,432.19,35647805
MSFT,2025-01-24,442.72,444.21,438.98,441.63,15549500
MSFT,2025-01-23,439.59,444.31,439.09,444.27,18389300
MSFT,2025-01-22,435.17,444.82,433.62,443.76,27803811
MSFT,2025-01-21,427.85,428.55,423.28,426.16,26085703
MSFT,2025-01-17,431.72,432.11,425.83,426.69,26197507
MSFT,2025-01-16,426.36,427.14,422.07,422.26,15300023
MSFT,2025-01-15,416.84,425.81,415.98,423.98,19637838
MSFT,2025-01-14,415.53,417.45,408.48,413.4,16935900
MSFT,2025-01-13,412.97,416.21,410.04,414.91,17604800
MSFT,2025-01-10,422.31,422.39,412.75,416.66,20201132
MSFT,2025-01-08,421.15,424.64,419.24,422.24,15054600
MSFT,2025-01-07,426.65,428.29,418.5,420.06,18139100
MSFT,2025-01-06,425.66,431.94,423.15,425.51,20573648
MSFT,2025-01-03,418.78,421.72,417.25,421.04,16662943
MSFT,2025-01-02,423.2,423.74,412.58,416.29,16896500
MSFT,2024-12-31,423.77,424.4,418.36,419.2,13246509
MSFT,2024-12-30,423.73,425.22,419.6,422.51,13158703
MSFT,2024-12-27,432.23,432.84,424.02,428.18,18117713
MSFT,2024-12-26,436.68,438.53,434.25,435.72,8199927
MSFT,2024-12-24,432.28,437.2,431.82,436.93,7164543
MSFT,2024-12-23,434.35,435.26,430.46,432.87,19152519
MSFT,2024-12-20,430.74,441.31,426.28,434.21,64263700
MSFT,2024-12-19,439.2,440.76,433.93,434.64,22963700
MSFT,2024-12-18,448.85,450.18,434.63,435.0,24444545
MSFT,2024-12-17,448.55,452.81,447.12,451.98,22733500
MSFT,2024-12-16,444.82,449.71,442.84,449.12,23598834
MSFT,2024-12-13,445.99,448.97,443.15,444.83,20177833
MSFT,2024-12-12,446.65,453.66,446.65,447.1,20834800
MSFT,2024-12-11,441.63,447.89,441.63,446.54,19200208
MSFT,2024-12-10,441.96,447.17,439.19,440.91,18469500
MSFT,2024-12-09,440.18,445.88,438.09,443.58,19144400
MSFT,2024-12-06,439.89,443.67,439.36,441.15,18821002
MSFT,2024-12-05,435.53,442.23,433.79,440.2,21697800
MSFT,2024-12-04,430.66,437.27,430.27,435.03,26009429
MSFT,2024-12-03,427.49,430.1,425.4,428.84,18302000
MSFT,2024-12-02,419.26,430.63,419.0,428.62,20207223
MSFT,2024-11-29,417.8,422.56,415.52,421.15,16271921
MSFT,2024-11-27,422.79,424.9,419.72,420.68,18332444
MSFT,2024-11-26,417.3,426.69,416.56,425.65,23458900
MSFT,2024-11-25,416.09,418.78,412.58,416.5,27691100
MSFT,2024-11-22,409.12,415.12,408.81,414.72,24814626
MSFT,2024-11-21,417.2,417.48,408.04,410.61,20780200
MSFT,2024-11-20,413.76,414.18,407.52,412.39,19191700
MSFT,2024-11-19,410.03,414.83,408.49,414.68,18133529
MSFT,2024-11-18,411.78,415.28,409.03,412.66,24742013
MSFT,2024-11-15,416.69,419.65,410.56,411.91,28247644
MSFT,2024-11-14,421.83,424.98,416.87,423.71,30246900
MSFT,2024-11-13,418.5,426.13,415.09,422.03,21502200
MSFT,2024-11-12,415.14,421.28,414.09,419.88,19401204
MSFT,2024-11-11,419.38,421.65,412.9,414.9,24503321
MSFT,2024-11-08,422.15,423.32,418.64,419.39,16891414
MSFT,2024-11-07,418.14,423.67,416.75,422.26,19901800
MSFT,2024-11-06,409.35,417.32,407.46,417.05,26681842
MSFT,2024-11-05,405.32,411.8,405.04,408.39,17626011
MSFT,2024-11-04,406.75,407.37,402.55,405.42,19672300
MSFT,2024-11-01,405.96,412.4,404.46,407.31,24230442
MSFT,2024-10-31,412.26,413.06,403.27,403.32,53971000
MSFT,2024-10-30,434.18,435.24,428.88,429.31,29749149
MSFT,2024-10-29,424.81,429.94,422.63,428.73,17644100
MSFT,2024-10-28,428.44,428.72,423.12,423.41,14882444
MSFT,2024-10-25,423.58,429.3,423.39,424.96,16899100
MSFT,2024-10-24,422.17,422.81,419.26,421.57,13581631
MSFT,2024-10-23,427.65,427.87,419.39,421.44,19654400
MSFT,2024-10-22,415.37,427.37,414.92,424.32,25482200
MSFT,2024-10-21,413.02,415.84,410.67,415.66,14206115
MSFT,2024-10-18,414.03,416.52,413.15,415.04,17145317
MSFT,2024-10-17,419.21,419.35,412.49,413.61,14820004
MSFT,2024-10-16,412.08,413.26,407.42,413.02,15508932
MSFT,2024-10-15,419.03,419.33,412.17,415.62,18900201
MSFT,2024-10-14,414.66,420.88,414.41,416.02,16653100
MSFT,2024-10-11,413.04,414.02,410.17,413.22,14144944
MSFT,2024-10-10,412.13,414.24,410.07,412.74,13848400
MSFT,2024-10-09,412.76,417.25,411.21,414.35,14974300
MSFT,2024-10-08,407.84,412.56,405.13,411.62,19229300
MSFT,2024-10-07,412.9,414.0,405.95,406.49,20919800
MSFT,2024-10-04,415.12,416.62,411.88,412.96,19190913
MSFT,2024-10-03,414.52,416.43,411.21,413.44,13686421
MSFT,2024-10-02,419.43,419.67,413.6,414.02,16582300
MSFT,2024-10-01,425.26,425.29,415.69,417.56,19092945
MSFT,2024-09-30,425.02,427.21,422.2,427.09,16854606
MSFT,2024-09-27,428.3,428.63,424.28,424.83,14896131
MSFT,2024-09-26,431.85,432.06,425.94,428.1,14492044
MSFT,2024-09-25,426.63,429.89,425.38,428.89,13396400
MSFT,2024-09-24,429.77,430.12,422.92,425.97,17015800
MSFT,2024-09-23,431.04,433.21,427.18,430.28,15128900
MSFT,2024-09-20,433.97,435.97,430.99,432.03,55167106
MSFT,2024-09-19,437.94,438.21,433.64,435.42,21706600
MSFT,2024-09-18,431.76,432.78,427.2,427.6,18898042
MSFT,2024-09-17,436.95,438.56,429.05,431.91,18874231
MSFT,2024-09-16,427.4,430.3,425.03,428.13,13834700
MSFT,2024-09-13,422.66,428.61,422.29,427.38,15874600
MSFT,2024-09-12,420.16,424.19,416.62,423.82,17418759
MSFT,2024-09-11,412.41,420.83,406.53,419.89,19266923
MSFT,2024-09-10,405.15,413.22,404.66,411.11,19594300
MSFT,2024-09-09,404.21,405.61,399.16,402.7,15295134
MSFT,2024-09-06,406.02,407.59,397.82,398.71,19609526
MSFT,2024-09-05,404.59,410.02,403.11,405.35,14195516
MSFT,2024-09-04,402.88,408.17,401.35,405.85,15135806
MSFT,2024-09-03,414.8,416.75,404.0,406.39,20313603
MSFT,2024-08-30,412.5,414.38,409.06,414.03,24308324
MSFT,2024-08-29,411.85,418.9,407.54,410.04,17045241
MSFT,2024-08-28,411.79,411.91,404.27,407.54,14882700
MSFT,2024-08-27,409.79,411.28,407.2,410.76,13492911
MSFT,2024-08-26,413.27,414.17,408.28,410.41,13152830
MSFT,2024-08-23,413.87,416.13,409.02,413.68,18493800
MSFT,2024-08-22,421.19,423.61,411.52,412.45,19361901
MSFT,2024-08-21,420.92,423.22,418.58,420.98,16067300
MSFT,2024-08-20,418.55,422.68,418.49,421.63,16387600
MSFT,2024-08-19,415.84,418.61,413.36,418.39,15234000
MSFT,2024-08-16,417.46,418.2,414.19,415.35,22775600
MSFT,2024-08-15,416.67,417.97,414.55,417.89,20752144
MSFT,2024-08-14,410.97,413.86,408.64,413.01,18267000
MSFT,2024-08-13,405.81,411.12,405.79,410.19,19414300
MSFT,2024-08-12,403.3,404.98,400.5,403.05,16762900
MSFT,2024-08-09,400.3,404.28,398.54,402.27,19276700
MSFT,2024-08-08,398.72,402.11,396.25,398.97,20203030
MSFT,2024-08-07,404.87,406.29,393.8,394.75,20650906
MSFT,2024-08-06,396.31,401.92,394.82,395.92,24946525
MSFT,2024-08-05,385.58,397.34,382.02,391.5,40709238
MSFT,2024-08-02,408.68,411.17,400.61,404.72,29437900
MSFT,2024-08-01,416.91,423.51,409.28,413.26,30296400
MSFT,2024-07-31,416.62,417.89,408.41,414.49,42891400
MSFT,2024-07-30,423.77,425.08,413.5,419.01,32687600
MSFT,2024-07-29,427.6,428.16,420.78,422.79,15125836
MSFT,2024-07-26,414.34,424.96,413.41,421.34,23583839
MSFT,2024-07-25,424.84,425.83,413.66,414.54,29943800
MSFT,2024-07-24,436.38,437.4,423.64,424.94,26805800
MSFT,2024-07-23,439.8,444.25,439.01,440.74,13107100
MSFT,2024-07-22,437.71,440.49,434.86,438.85,15808800
MSFT,2024-07-19,429.1,437.06,428.01,433.07,20940417
MSFT,2024-07-18,440.23,440.54,430.39,436.3,20794822
MSFT,2024-07-17,438.5,440.74,435.12,439.42,21778000
MSFT,2024-07-16,450.03,450.11,442.54,445.37,17175700
MSFT,2024-07-15,449.12,453.04,447.26,449.77,14429447
MSFT,2024-07-12,450.13,452.14,446.49,449.36,16324300
MSFT,2024-07-11,458.7,460.49,447.38,450.5,23111200
MSFT,2024-07-10,456.96,462.15,454.62,461.94,18196100
MSFT,2024-07-09,462.69,463.02,453.77,455.3,17228507
MSFT,2024-07-08,462.24,463.38,460.17,461.93,12962321
MSFT,2024-07-05,455.36,464.02,454.73,463.24,16000300
MSFT,2024-07-03,453.95,456.76,453.65,456.51,9932830
MSFT,2024-07-02,449.02,455.35,448.93,455.04,13979800
MSFT,2024-07-01,444.51,453.14,441.54,452.51,17662818
MSFT,2024-06-28,448.88,451.17,442.28,442.82,28362300
MSFT,2024-06-27,448.01,451.96,447.6,448.67,14806324
MSFT,2024-06-26,444.85,449.41,444.05,447.98,16507030
MSFT,2024-06-25,444.1,447.25,442.62,446.78,16747529
MSFT,2024-06-24,445.64,448.56,442.28,443.53,15913719
MSFT,2024-06-21,443.25,446.42,442.39,445.63,34486172
MSFT,2024-06-20,442.17,442.4,437.19,441.58,19877400
MSFT,2024-06-18,445.56,445.98,440.78,442.22,17112504
MSFT,2024-06-17,438.5,446.78,436.65,444.23,20790030
MSFT,2024-06-14,434.23,439.04,432.68,438.48,13582000
MSFT,2024-06-13,436.78,439.29,435.31,437.5,15960600
MSFT,2024-06-12,431.3,439.31,429.25,436.99,22366233
MSFT,2024-06-11,421.55,428.82,421.32,428.68,14551101
MSFT,2024-06-10,420.78,424.13,419.98,423.92,14003034
MSFT,2024-06-07,422.26,422.34,419.09,419.93,13621700
MSFT,2024-06-06,420.09,421.38,416.7,420.6,14861300
MSFT,2024-06-05,413.95,420.16,412.45,420.09,16988038
MSFT,2024-06-04,408.62,412.6,405.9,412.23,14348917
MSFT,2024-06-03,411.69,412.58,405.14,409.7,17484700
MSFT,2024-05-31,412.91,412.91,400.78,411.3,47995300
MSFT,2024-05-30,420.38,420.38,410.41,410.84,28424847
MSFT,2024-05-29,421.76,426.96,421.76,425.21,15517130
MSFT,2024-05-28,425.66,426.84,422.65,426.34,15718024
MSFT,2024-05-24,423.25,427.08,420.49,426.19,11855300
MSFT,2024-05-23,428.97,429.6,421.49,423.06,17211700
MSFT,2024-05-22,426.11,428.41,423.18,426.54,18073700
MSFT,2024-05-21,422.89,428.97,420.93,425.08,21453300
MSFT,2024-05-20,416.33,422.83,416.11,421.41,16272137
MSFT,2024-05-17,418.64,419.01,414.17,416.33,15352239
MSFT,2024-05-16,417.9,421.49,416.47,417.1,17530100
MSFT,2024-05-15,414.04,419.89,413.41,419.17,22239533
MSFT,2024-05-14,407.48,412.89,407.02,411.97,15109306
MSFT,2024-05-13,413.4,413.74,406.29,409.16,15440226
MSFT,2024-05-10,408.39,410.8,407.26,410.17,13402300
MSFT,2024-05-09,406.05,408.18,404.6,407.78,14689727
MSFT,2024-05-08,403.68,407.69,402.23,406.02,11792308
MSFT,2024-05-07,410.09,410.1,404.58,404.83,20018228
MSFT,2024-05-06,404.25,409.37,401.89,408.98,16996639
MSFT,2024-05-03,397.85,402.66,397.43,402.18,17446724
MSFT,2024-05-02,393.28,395.53,390.31,393.46,17709400
MSFT,2024-05-01,388.29,397.3,386.01,390.59,23562500
MSFT,2024-04-30,397.07,397.73,384.88,385.04,28781400
MSFT,2024-04-29,400.79,401.85,394.79,397.82,19582100
MSFT,2024-04-26,407.63,408.45,401.29,401.84,29694700
MSFT,2024-04-25,389.69,395.48,383.75,394.64,40586500
MSFT,2024-04-24,405.04,407.92,402.3,404.55,15065330
MSFT,2024-04-23,399.79,403.7,398.62,403.08,15734501
MSFT,2024-04-22,395.67,398.41,391.39,396.54,20286900
MSFT,2024-04-19,399.58,401.01,393.38,394.72,30565800
MSFT,2024-04-18,406.1,407.35,399.49,399.81,21029917
MSFT,2024-04-17,412.65,414.26,405.81,407.3,15855500
MSFT,2024-04-16,410.0,413.79,409.17,410.01,16765616
MSFT,2024-04-15,421.9,422.11,408.87,409.08,20273538
MSFT,2024-04-12,419.38,420.49,415.14,417.25,19253800
MSFT,2024-04-11,421.12,424.63,417.7,423.21,17966423
MSFT,2024-04-10,417.54,419.36,415.08,418.6,16216600
MSFT,2024-04-09,421.74,423.02,416.97,421.58,12512289
MSFT,2024-04-08,420.48,422.57,418.63,419.91,14272400
MSFT,2024-04-05,415.38,421.81,413.71,420.83,16554800
MSFT,2024-04-04,420.3,423.94,412.96,413.27,19370900
MSFT,2024-04-03,415.11,418.6,414.47,415.82,16502300
MSFT,2024-04-02,415.48,417.73,413.24,416.8,17912000
MSFT,2024-04-01,419.28,423.17,417.57,419.89,16316000
MSFT,2024-03-28,416.32,417.22,414.5,416.08,21871200
MSFT,2024-03-27,419.77,419.78,414.4,416.79,16705000
MSFT,2024-03-26,420.92,421.29,416.7,417.0,16725647
MSFT,2024-03-25,420.55,422.7,416.96,418.2,18060500
MSFT,2024-03-22,424.96,425.12,421.37,424.01,17648500
MSFT,2024-03-21,425.09,426.07,422.45,424.64,21296222
MSFT,2024-03-20,417.35,421.26,416.02,420.54,17860100
MSFT,2024-03-19,413.23,417.03,410.97,416.77,19837915
MSFT,2024-03-18,409.68,416.09,409.22,412.72,20106000
MSFT,2024-03-15,414.67,417.94,408.24,411.83,45079903
MSFT,2024-03-14,415.6,423.1,413.38,420.53,34157300
MSFT,2024-03-13,413.5,413.58,406.92,410.53,17115931
MSFT,2024-03-12,403.12,410.99,402.3,410.7,22457003
MSFT,2024-03-11,399.31,401.21,396.84,400.06,16120800
MSFT,2024-03-08,403.46,405.89,399.87,401.74,18002200
MSFT,2024-03-07,401.64,405.26,397.81,404.63,18718500
MSFT,2024-03-06,398.53,400.7,394.0,397.66,22344149
MSFT,2024-03-05,409.4,409.68,396.22,398.21,26919200
MSFT,2024-03-04,408.89,412.75,407.78,410.35,17596000
MSFT,2024-03-01,406.74,411.29,406.35,410.92,17823445
MSFT,2024-02-29,404.14,409.63,401.45,409.08,31947300
MSFT,2024-02-28,403.68,404.79,400.86,403.23,13183125
MSFT,2024-02-27,403.49,403.82,399.4,402.99,14835827
MSFT,2024-02-26,406.93,407.62,402.87,403.05,16193505
MSFT,2024-02-23,411.09,411.28,404.47,405.82,16295900
MSFT,2024-02-22,405.67,408.28,404.06,407.11,27009900
MSFT,2024-02-21,395.76,397.86,392.84,397.75,18631072
MSFT,2024-02-20,398.8,400.03,393.62,398.35,24307915
MSFT,2024-02-16,403.47,403.79,399.0,399.61,22296500
MSFT,2024-02-15,403.64,404.62,399.84,402.08,21825525
MSFT,2024-02-14,403.58,405.33,400.11,404.98,20401200
MSFT,2024-02-13,399.74,404.8,398.21,401.1,27824936
MSFT,2024-02-12,415.16,415.34,409.43,409.93,21202921
MSFT,2024-02-09,409.92,415.42,409.76,415.15,22032844
MSFT,2024-02-08,408.73,410.22,407.23,408.79,21225300
MSFT,2024-02-07,402.2,408.98,402.17,408.73,22340526
MSFT,2024-02-06,400.66,402.73,397.73,400.28,18382624
MSFT,2024-02-05,404.64,405.88,398.8,400.44,25352300
MSFT,2024-02-02,398.63,407.35,398.38,405.94,28256700
MSFT,2024-02-01,396.67,402.76,396.64,398.59,30657726
MSFT,2024-01-31,401.73,409.98,392.1,392.47,47871100
MSFT,2024-01-30,406.96,407.74,401.23,403.34,33477610
MSFT,2024-01-29,400.85,404.72,399.14,404.46,24510236
MSFT,2024-01-26,399.17,400.95,397.26,398.74,17803300
MSFT,2024-01-25,399.13,401.78,397.36,399.67,21021200
MSFT,2024-01-24,396.38,400.42,395.31,397.39,24867000
MSFT,2024-01-23,390.67,394.25,388.87,393.78,20525900
MSFT,2024-01-22,394.88,395.48,388.54,391.42,27016902
MSFT,2024-01-19,390.68,393.55,388.45,393.55,29331136
MSFT,2024-01-18,386.69,388.93,385.11,388.81,23392100
MSFT,2024-01-17,383.0,385.1,379.87,384.47,22234108
MSFT,2024-01-16,388.61,388.97,382.64,385.26,27202300
MSFT,2024-01-12,380.54,383.69,379.71,383.48,21661200
MSFT,2024-01-11,381.04,385.66,375.49,379.69,27850846
MSFT,2024-01-10,371.53,379.23,371.48,377.85,25514245
MSFT,2024-01-09,367.23,371.16,366.42,370.96,20830000
MSFT,2024-01-08,364.56,370.38,364.27,369.88,23134000
MSFT,2024-01-05,364.23,367.28,361.8,363.03,21004600
MSFT,2024-01-04,365.9,368.3,362.45,363.21,20901502
MSFT,2024-01-03,364.27,368.47,363.78,365.84,23083500
MSFT,2024-01-02,369.06,371.08,362.06,366.11,25258633
MSFT,2023-12-29,371.17,372.32,368.68,371.21,18730838
MSFT,2023-12-28,370.55,371.62,369.35,370.46,14327013
MSFT,2023-12-27,368.88,370.24,368.02,369.26,14905412
MSFT,2023-12-26,370.19,372.1,368.7,369.85,12673100
MSFT,2023-12-22,368.88,370.36,367.92,369.77,17107500
MSFT,2023-12-21,367.77,369.6,365.28,368.74,17708006
MSFT,2023-12-20,370.18,371.2,365.77,365.86,26316700
MSFT,2023-12-19,366.71,368.46,365.08,368.46,20603700
MSFT,2023-12-18,364.7,368.21,363.94,367.86,21802900
MSFT,2023-12-15,362.14,367.62,361.58,365.97,78502324
MSFT,2023-12-14,368.52,368.96,359.45,361.23,43277500
MSFT,2023-12-13,371.19,372.79,366.01,369.56,30955531
MSFT,2023-12-12,366.09,369.61,365.7,369.57,24838300
MSFT,2023-12-11,363.75,366.83,361.4,366.53,27708800
MSFT,2023-12-08,364.45,369.65,363.5,369.42,20154400
MSFT,2023-12-07,363.49,366.67,361.61,366.18,23118900
MSFT,2023-12-06,368.74,369.37,363.3,364.06,21182100
MSFT,2023-12-05,361.74,368.28,360.92,367.73,23065035
MSFT,2023-12-04,364.36,364.78,358.24,364.4,32063305
MSFT,2023-12-01,371.92,373.3,366.54,369.7,33040500
MSFT,2023-11-30,373.63,375.2,370.64,374.04,30554415
MSFT,2023-11-29,378.83,379.36,372.59,373.98,28963400
MSFT,2023-11-28,373.49,378.08,373.3,377.78,20453112
MSFT,2023-11-27,371.94,375.75,371.37,373.75,22179228
MSFT,2023-11-24,372.48,373.11,370.32,372.58,10176649
MSFT,2023-11-22,373.15,374.92,370.16,373.0,23361184
MSFT,2023-11-21,370.85,371.39,366.36,368.28,28423145
MSFT,2023-11-20,366.45,374.0,366.23,372.59,52528964
MSFT,2023-11-17,368.81,369.56,362.29,365.1,40325371
MSFT,2023-11-16,366.2,371.52,365.43,371.34,27182315
MSFT,2023-11-15,366.51,368.34,362.39,364.92,26860100
MSFT,2023-11-14,365.5,366.43,361.89,364.77,27683900
MSFT,2023-11-13,362.76,363.0,360.47,361.24,19986506
MSFT,2023-11-10,356.12,364.6,355.71,364.18,28065164
MSFT,2023-11-09,356.93,359.38,355.01,355.34,24847331
MSFT,2023-11-08,356.31,358.47,355.2,357.81,26767828
MSFT,2023-11-07,354.07,357.08,352.32,355.18,25833931
MSFT,2023-11-06,348.21,352.24,348.11,351.24,23828301
MSFT,2023-11-03,344.44,349.13,342.17,347.56,23637700
MSFT,2023-11-02,342.09,343.65,339.65,343.15,24348100
MSFT,2023-11-01,334.74,342.26,334.61,340.93,28158819
MSFT,2023-10-31,333.82,333.97,329.72,333.09,20265300
MSFT,2023-10-30,328.46,334.41,326.9,332.3,22828100
MSFT,2023-10-27,325.52,331.72,323.52,324.91,29856522
MSFT,2023-10-26,335.48,336.56,322.08,323.02,37828543
MSFT,2023-10-25,339.9,341.06,332.61,335.61,55053828
MSFT,2023-10-24,326.38,326.91,322.73,325.62,31153600
MSFT,2023-10-23,320.64,327.79,319.57,324.43,24374748
MSFT,2023-10-20,326.8,326.99,320.62,321.82,25027715
MSFT,2023-10-19,327.22,331.88,326.0,326.4,25052100
MSFT,2023-10-18,327.55,330.61,323.43,325.21,23153602
MSFT,2023-10-17,324.7,328.51,322.55,327.13,18338523
MSFT,2023-10-16,326.13,331.15,325.69,327.7,22158048
MSFT,2023-10-13,327.44,328.87,321.51,322.86,21085695
MSFT,2023-10-12,325.66,328.67,323.84,326.24,19313100
MSFT,2023-10-11,326.29,327.87,324.25,327.48,20063246
MSFT,2023-10-10,326.04,326.18,322.8,323.51,20557100
MSFT,2023-10-09,319.93,325.39,318.38,324.92,19891200
MSFT,2023-10-06,311.85,324.3,311.6,322.4,25673630
MSFT,2023-10-05,314.35,315.23,310.23,314.62,16965629
MSFT,2023-10-04,309.36,315.28,309.33,314.22,20720144
MSFT,2023-10-03,316.07,316.62,306.59,308.74,21033500
MSFT,2023-10-02,311.58,317.11,310.5,317.02,20570006
MSFT,2023-09-29,313.03,314.72,310.3,311.06,24147300
MSFT,2023-09-28,306.37,310.79,304.85,308.98,19683600
MSFT,2023-09-27,307.67,309.64,305.1,308.15,19410100
MSFT,2023-09-26,310.46,311.19,305.42,307.51,26297600
MSFT,2023-09-25,311.89,312.96,310.33,312.83,17836000
MSFT,2023-09-22,316.55,316.67,311.45,312.3,21447900
MSFT,2023-09-21,314.52,320.52,310.33,314.79,35560400
MSFT,2023-09-20,324.62,324.7,315.75,316.01,21436525
MSFT,2023-09-19,321.33,324.5,319.69,323.77,16514487
MSFT,2023-09-18,322.93,325.49,321.51,324.17,16834208
MSFT,2023-09-15,331.92,332.39,324.76,325.32,37679800
MSFT,2023-09-14,334.11,335.8,331.57,333.67,20267048
MSFT,2023-09-13,326.39,331.85,326.25,331.07,16544412
MSFT,2023-09-12,330.83,331.79,326.55,326.84,17565500
MSFT,2023-09-11,332.23,333.39,330.45,332.92,16583324
MSFT,2023-09-08,325.19,331.17,324.57,329.31,19548165
MSFT,2023-09-07,326.37,328.13,324.14,325.01,18381000
MSFT,2023-09-06,328.43,329.5,325.28,327.94,17535800
MSFT,2023-09-05,324.12,329.88,323.78,328.6,18553900
MSFT,2023-09-01,326.39,327.06,321.93,323.78,14942024
MSFT,2023-08-31,324.31,325.99,321.92,322.89,26411000
MSFT,2023-08-30,323.79,324.91,321.6,323.91,15222110
MSFT,2023-08-29,317.1,324.09,317.1,323.53,19284600
MSFT,2023-08-28,320.82,321.3,316.94,318.89,14808500
MSFT,2023-08-25,316.69,320.52,314.06,318.18,21684104
MSFT,2023-08-24,327.91,328.04,315.21,315.22,23281434
MSFT,2023-08-23,319.02,324.32,318.66,322.15,21166400
MSFT,2023-08-22,320.66,321.24,316.68,317.67,16102024
MSFT,2023-08-21,313.21,317.98,312.33,317.1,24040000
MSFT,2023-08-18,309.82,313.65,306.92,311.78,24755012
MSFT,2023-08-17,315.79,317.1,311.52,312.18,21257200
MSFT,2023-08-16,316.03,319.6,315.05,315.64,20698900
MSFT,2023-08-15,317.53,319.59,315.47,316.41,16966300
MSFT,2023-08-14,315.94,318.57,314.66,318.55,18836139
MSFT,2023-08-11,314.84,316.96,313.81,315.58,24355500
MSFT,2023-08-10,320.5,322.7,315.74,317.46,20113725
MSFT,2023-08-09,320.95,321.58,315.62,316.78,22373300
MSFT,2023-08-08,321.42,323.18,317.53,320.53,22327600
MSFT,2023-08-07,322.81,325.5,321.97,324.52,17741526
MSFT,2023-08-04,326.26,329.47,321.7,322.23,23741500
MSFT,2023-08-03,320.48,324.3,320.43,321.13,18360352
MSFT,2023-08-02,327.99,327.99,320.84,321.96,27761300
MSFT,2023-08-01,329.52,332.81,328.05,330.65,18381253
MSFT,2023-07-31,331.21,331.98,327.71,330.23,25446022
MSFT,2023-07-28,328.02,334.25,327.53,332.64,28484900
MSFT,2023-07-27,334.71,335.55,323.48,325.12,39635300
MSFT,2023-07-26,335.66,338.83,327.47,332.05,58383702
MSFT,2023-07-25,341.24,345.93,339.23,345.04,41637739
MSFT,2023-07-24,340.0,341.05,336.52,339.27,26719207
MSFT,2023-07-21,343.24,344.37,334.08,337.95,69405400
MSFT,2023-07-20,347.59,351.91,339.53,341.0,33778400
MSFT,2023-07-19,355.63,356.33,346.47,349.07,39732901
MSFT,2023-07-18,339.97,360.57,336.37,353.4,64872705
MSFT,2023-07-17,339.83,341.12,336.41,339.88,20363927
MSFT,2023-07-14,341.71,345.49,338.49,339.4,28352729
MSFT,2023-07-13,333.81,337.92,333.28,336.86,20567200
MSFT,2023-07-12,330.9,335.86,329.99,331.49,29995300
MSFT,2023-07-11,325.45,327.22,321.46,326.84,26698218
MSFT,2023-07-10,328.93,329.55,322.04,326.21,32791449
MSFT,2023-07-07,333.57,336.0,331.29,331.51,21214824
MSFT,2023-07-06,331.59,337.18,329.82,335.49,28195534
MSFT,2023-07-05,329.42,335.87,329.07,332.43,18172400
MSFT,2023-07-03,333.45,335.13,330.87,332.27,12508700
MSFT,2023-06-30,332.04,336.93,331.5,334.78,26832800
MSFT,2023-06-29,329.05,330.42,326.99,329.38,16997042
MSFT,2023-06-28,328.99,332.25,328.15,330.16,20259523
MSFT,2023-06-27,326.25,330.46,323.73,328.91,24354110
MSFT,2023-06-26,328.07,330.42,322.93,323.04,21520600
MSFT,2023-06-23,328.7,332.24,327.81,329.35,23146901
MSFT,2023-06-22,328.46,334.36,327.7,333.96,23556800
MSFT,2023-06-21,330.67,332.01,326.45,327.91,25117800
MSFT,2023-06-20,333.57,336.29,330.18,332.33,26375407
MSFT,2023-06-16,345.38,345.53,336.17,336.54,46552000
MSFT,2023-06-15,331.77,343.92,331.49,342.21,38899100
MSFT,2023-06-14,328.68,333.3,327.18,331.63,26003800
MSFT,2023-06-13,328.81,331.27,324.8,328.63,22951300
MSFT,2023-06-12,323.02,326.48,319.65,326.23,24306753
MSFT,2023-06-09,319.49,324.41,318.92,321.26,22529000
MSFT,2023-06-08,318.45,321.11,317.87,319.75,23277708
MSFT,2023-06-07,326.04,328.83,317.04,317.91,40717129
MSFT,2023-06-06,329.65,329.69,326.55,328.03,20396223
MSFT,2023-06-05,329.54,332.83,328.99,330.25,21307100
MSFT,2023-06-02,328.59,331.78,326.92,329.72,25873800
MSFT,2023-06-01,320.41,327.88,319.22,326.95,26773900
MSFT,2023-05-31,326.66,330.25,321.79,322.83,45950600
MSFT,2023-05-30,329.55,330.05,324.92,325.6,29503100
MSFT,2023-05-26,318.53,327.75,318.39,327.25,36630633
MSFT,2023-05-25,317.77,321.36,314.58,320.4,43301743
MSFT,2023-05-24,309.41,311.15,307.32,308.54,23384900
MSFT,2023-05-23,314.61,317.25,309.91,309.92,30797200
MSFT,2023-05-22,313.2,317.13,312.62,315.74,24115700
MSFT,2023-05-19,311.38,313.35,311.01,312.95,27546701
MSFT,2023-05-18,309.21,313.64,308.41,313.13,27276000
MSFT,2023-05-17,307.0,309.1,305.48,308.68,24315012
MSFT,2023-05-16,303.92,307.72,303.92,305.79,26730347
MSFT,2023-05-15,303.21,303.99,301.73,303.56,16336547
MSFT,2023-05-12,304.63,304.73,300.76,303.08,19774700
MSFT,2023-05-11,304.19,305.19,300.42,304.2,31680200
MSFT,2023-05-10,302.73,307.03,301.8,306.35,30078044
MSFT,2023-05-09,302.12,304.12,300.46,301.14,21340829
MSFT,2023-05-08,304.21,304.28,300.25,302.76,21318613
MSFT,2023-05-05,299.89,306.02,298.47,304.73,28197100
MSFT,2023-05-04,300.4,301.9,297.62,299.59,22519907
MSFT,2023-05-03,300.77,302.72,298.29,298.59,22360800
MSFT,2023-05-02,301.9,303.29,298.12,299.59,26404431
MSFT,2023-05-01,301.11,302.71,299.33,299.73,21294115
MSFT,2023-04-28,298.21,303.04,297.53,301.4,36469613
MSFT,2023-04-27,290.33,299.38,289.62,299.02,46462638
MSFT,2023-04-26,291.04,293.86,287.15,289.74,64599200
MSFT,2023-04-25,274.18,276.23,270.12,270.17,45772236
MSFT,2023-04-24,276.71,279.52,273.41,276.4,26611014
MSFT,2023-04-21,279.57,280.81,277.66,280.31,21676400
MSFT,2023-04-20,279.81,283.51,279.64,280.65,23244400
MSFT,2023-04-19,280.54,283.54,279.11,282.95,17150300
MSFT,2023-04-18,286.01,286.2,281.54,282.87,20161845
MSFT,2023-04-17,284.4,286.04,280.7,283.29,23836223
MSFT,2023-04-14,281.52,282.98,278.28,280.68,20987917
MSFT,2023-04-13,278.18,284.37,277.77,284.31,24222700
MSFT,2023-04-12,279.36,281.53,276.58,278.08,27403432
MSFT,2023-04-11,280.3,280.53,276.27,277.44,27276600
MSFT,2023-04-10,283.69,284.08,279.28,283.87,23103000
MSFT,2023-04-06,277.81,286.51,276.65,286.04,29770334
MSFT,2023-04-05,280.4,281.68,277.53,278.92,22064800
MSFT,2023-04-04,281.75,284.91,280.22,281.7,25824300
MSFT,2023-04-03,281.05,282.77,278.53,281.75,24883342
MSFT,2023-03-31,278.32,283.75,277.6,282.8,32766000
MSFT,2023-03-30,278.81,279.03,276.11,278.63,25053410
MSFT,2023-03-29,273.64,275.78,273.1,275.16,25087032
MSFT,2023-03-28,270.53,270.87,266.86,269.98,21878647
MSFT,2023-03-27,275.15,276.09,270.27,271.11,26840212
MSFT,2023-03-24,271.95,275.28,270.03,275.22,28199962
MSFT,2023-03-23,272.63,275.7,269.95,272.36,36610900
MSFT,2023-03-22,268.19,275.68,266.99,267.1,34873330
MSFT,2023-03-21,269.64,269.76,264.38,268.56,34558704
MSFT,2023-03-20,271.7,272.19,264.71,267.04,43466649
MSFT,2023-03-17,272.95,277.93,271.05,274.1,69527400
MSFT,2023-03-16,260.15,271.28,258.26,270.93,54832140
MSFT,2023-03-15,255.02,261.4,254.27,260.38,46028047
MSFT,2023-03-14,251.86,256.09,250.98,255.82,33620300
MSFT,2023-03-13,242.68,252.99,241.05,249.08,33339721
MSFT,2023-03-10,246.29,247.97,242.88,243.85,28333930
MSFT,2023-03-09,250.94,254.61,246.78,247.51,26653400
MSFT,2023-03-08,249.19,249.68,246.03,248.86,17340217
MSFT,2023-03-07,251.41,252.77,248.55,249.3,21473200
MSFT,2023-03-06,251.54,255.16,251.1,251.97,24109849
MSFT,2023-03-03,247.38,250.74,246.59,250.42,30760136
MSFT,2023-03-02,241.85,246.6,240.92,246.32,24833646
MSFT,2023-03-01,245.97,246.14,241.1,241.57,27565300
MSFT,2023-02-28,244.32,246.69,243.98,244.66,22491000
MSFT,2023-02-27,247.65,248.0,244.63,245.39,21190042
MSFT,2023-02-24,245.2,246.22,243.37,244.47,24990905
MSFT,2023-02-23,250.68,251.94,245.7,249.91,29219100
MSFT,2023-02-22,249.24,249.49,245.56,246.71,22491100
MSFT,2023-02-21,249.63,250.62,246.79,247.85,28397444
MSFT,2023-02-17,254.44,255.13,251.12,253.14,30000100
MSFT,2023-02-16,258.98,261.65,256.9,257.15,29603616
MSFT,2023-02-15,263.2,265.56,261.1,264.18,28962163
MSFT,2023-02-14,266.8,269.05,263.48,266.31,37047924
MSFT,2023-02-13,261.88,268.69,261.4,265.48,44630921
MSFT,2023-02-10,255.9,258.41,255.05,257.44,25818500
MSFT,2023-02-09,267.91,268.09,257.15,257.95,42375102
MSFT,2023-02-08,267.32,270.8,260.48,260.99,54686049
MSFT,2023-02-07,254.92,262.98,254.48,261.8,50841400
MSFT,2023-02-06,251.9,252.74,249.29,251.24,22518000
MSFT,2023-02-03,253.95,258.51,251.57,252.79,29077300
MSFT,2023-02-02,253.25,259.0,251.72,258.91,39940437
MSFT,2023-02-01,242.66,249.69,240.19,247.31,31259912
MSFT,2023-01-31,238.21,242.62,237.72,242.48,26541100
MSFT,2023-01-30,239.25,240.32,236.99,237.49,25867400
MSFT,2023-01-27,243.63,244.45,241.52,242.82,26498939
MSFT,2023-01-26,238.4,242.96,236.79,242.66,33454500
MSFT,2023-01-25,229.43,238.06,225.93,235.43,66526641
MSFT,2023-01-24,237.28,238.7,235.26,236.83,40234444
MSFT,2023-01-23,235.91,239.89,234.49,237.36,31934000
MSFT,2023-01-20,229.81,235.56,229.46,235.05,35389809
MSFT,2023-01-19,228.75,230.45,225.72,226.94,28623033
MSFT,2023-01-18,236.37,237.16,230.45,230.73,30028700
MSFT,2023-01-17,232.85,235.73,231.99,235.18,29831300
MSFT,2023-01-13,231.9,234.22,229.86,234.08,21333300
MSFT,2023-01-12,230.2,234.74,228.54,233.38,27269500
MSFT,2023-01-11,226.32,230.88,226.14,230.7,28669331
MSFT,2023-01-10,222.85,226.33,222.43,223.92,27033900
MSFT,2023-01-09,221.57,226.26,221.54,222.23,27369800
MSFT,2023-01-06,218.2,220.9,214.63,220.09,43613600
MSFT,2023-01-05,222.31,222.66,216.99,217.53,39585623
MSFT,2023-01-04,227.28,227.86,221.1,224.17,50623400
MSFT,2023-01-03,237.84,240.46,232.29,234.42,25740036
MSFT,2022-12-30,233.08,234.8,231.57,234.66,21938500
MSFT,2022-12-29,230.58,236.71,230.58,235.82,19770700
MSFT,2022-12-28,231.79,234.56,229.13,229.48,17457104
MSFT,2022-12-27,233.56,233.79,230.75,231.86,16688648
MSFT,2022-12-23,231.03,233.73,228.9,233.59,21207000
MSFT,2022-12-22,236.06,236.78,228.83,233.06,28651700
MSFT,2022-12-21,236.49,240.33,234.94,239.17,23690607
MSFT,2022-12-20,234.25,237.69,233.29,236.6,25150802
MSFT,2022-12-19,239.58,239.93,233.57,235.27,29696436
MSFT,2022-12-16,243.2,244.46,238.27,239.42,86102000
MSFT,2022-12-15,248.26,248.73,242.02,243.65,35568093
MSFT,2022-12-14,251.59,256.93,248.83,251.68,35410933
MSFT,2022-12-13,256.06,258.24,247.62,251.39,42196900
MSFT,2022-12-12,242.13,247.11,241.85,247.08,30665100
MSFT,2022-12-09,239.44,242.97,238.91,240.14,20609743
MSFT,2022-12-08,239.58,243.39,237.83,242.08,22611800
MSFT,2022-12-07,239.56,240.86,237.0,239.11,20481522
MSFT,2022-12-06,245.42,246.43,238.53,239.84,22463727
MSFT,2022-12-05,246.59,248.36,242.73,244.82,23435300
MSFT,2022-12-02,244.44,250.55,244.31,249.53,21528520
MSFT,2022-12-01,248.41,250.61,245.52,249.21,26041524
MSFT,2022-11-30,235.39,249.84,234.7,249.65,47594239
MSFT,2022-11-29,236.21,237.57,233.09,235.16,17956313
MSFT,2022-11-28,240.79,241.34,235.62,236.56,24810271
MSFT,2022-11-25,241.98,243.34,241.42,242.16,9200800
MSFT,2022-11-23,239.83,242.93,239.01,242.25,19508500
MSFT,2022-11-22,238.35,240.03,235.53,239.76,19665700
MSFT,2022-11-21,236.23,239.4,236.0,236.84,26394700
MSFT,2022-11-18,238.27,238.5,233.89,236.03,27613523
MSFT,2022-11-17,232.66,238.02,232.52,236.48,23123544
MSFT,2022-11-16,237.57,238.56,235.25,236.53,24093300
MSFT,2022-11-15,239.7,241.01,234.21,236.1,31390117
MSFT,2022-11-14,236.12,237.99,233.41,235.69,31123340
MSFT,2022-11-11,237.09,241.97,236.06,241.11,34620246
MSFT,2022-11-10,229.71,237.42,229.29,237.08,46268021
MSFT,2022-11-09,221.85,223.08,218.88,219.06,27852910
MSFT,2022-11-08,223.14,226.02,220.35,223.31,28192548
MSFT,2022-11-07,216.6,222.87,215.91,222.34,33498000
MSFT,2022-11-04,212.27,216.22,208.25,216.02,36789100
MSFT,2022-11-03,214.75,215.06,208.79,209.05,36633922
MSFT,2022-11-02,223.89,225.69,214.7,214.76,38407008
MSFT,2022-11-01,228.9,230.02,221.81,222.63,30592300
MSFT,2022-10-31,228.09,229.22,225.54,226.5,28357300
MSFT,2022-10-28,220.74,230.85,220.56,230.14,40647724
MSFT,2022-10-27,225.44,228.02,220.3,221.25,40424645
MSFT,2022-10-26,225.56,232.52,224.48,225.71,82684846
MSFT,2022-10-25,241.26,244.95,239.87,244.58,34775505
MSFT,2022-10-24,237.84,241.83,235.44,241.25,24911212
MSFT,2022-10-21,229.04,237.1,228.81,236.24,26299733
MSFT,2022-10-20,230.05,235.45,229.17,230.42,21811015
MSFT,2022-10-19,231.29,233.79,228.6,230.74,19985700
MSFT,2022-10-18,237.33,238.01,229.66,232.71,26329600
MSFT,2022-10-17,230.09,233.16,229.43,231.76,28142300
MSFT,2022-10-14,229.82,231.48,222.8,223.01,30198600
MSFT,2022-10-13,214.51,230.36,213.81,228.55,42551818
MSFT,2022-10-12,219.93,222.33,218.52,220.27,21903937
MSFT,2022-10-11,222.1,223.5,218.67,219.94,30474000
MSFT,2022-10-10,227.4,228.87,221.23,223.69,29743608
MSFT,2022-10-07,235.05,235.46,227.51,228.55,37769602
MSFT,2022-10-06,241.91,244.26,240.11,240.8,20239900
MSFT,2022-10-05,240.02,244.5,238.17,243.15,20347136
MSFT,2022-10-04,239.14,244.28,239.03,242.84,34888416
MSFT,2022-10-03,229.7,235.75,228.97,234.9,28880400
MSFT,2022-09-30,232.51,234.7,227.08,227.25,35694832
MSFT,2022-09-29,233.1,234.13,228.72,231.74,27484233
MSFT,2022-09-28,231.06,236.45,229.03,235.22,29029700
MSFT,2022-09-27,234.15,235.93,228.81,230.67,27018732
MSFT,2022-09-26,231.3,235.59,231.15,231.69,27694200
MSFT,2022-09-23,233.73,235.28,229.5,232.15,34176048
MSFT,2022-09-22,232.1,237.94,231.8,235.13,31061200
MSFT,2022-09-21,238.34,241.65,233.1,233.15,28625600
MSFT,2022-09-20,236.2,237.6,233.83,236.57,26660300
MSFT,2022-09-19,236.58,239.18,235.0,238.58,26826931
MSFT,2022-09-16,238.33,239.35,236.19,238.8,39791800
MSFT,2022-09-15,243.7,245.29,238.09,239.42,31530948
MSFT,2022-09-14,247.38,248.06,243.8,246.1,23913000
MSFT,2022-09-13,252.55,254.08,245.48,245.87,33353318
MSFT,2022-09-12,259.33,260.96,258.73,260.18,18747700
MSFT,2022-09-09,254.18,258.79,253.97,258.04,22093190
MSFT,2022-09-08,251.26,254.11,248.61,252.25,20319911
MSFT,2022-09-07,248.52,252.55,247.08,251.83,24126700
MSFT,2022-09-06,249.98,251.57,245.82,247.1,21328242
MSFT,2022-09-02,255.34,258.31,248.29,249.84,22855400
MSFT,2022-09-01,252.59,254.56,249.21,254.08,23263431
MSFT,2022-08-31,258.94,260.62,254.98,255.12,24791834
MSFT,2022-08-30,260.2,260.57,254.34,256.59,22767100
MSFT,2022-08-29,259.39,260.91,257.44,258.79,20338544
MSFT,2022-08-26,272.3,273.53,261.47,261.58,27549307
MSFT,2022-08-25,270.6,272.25,267.86,272.08,16583407
MSFT,2022-08-24,268.73,270.51,268.44,269.1,18137019
MSFT,2022-08-23,269.73,272.09,268.72,269.73,17527409
MSFT,2022-08-22,275.23,275.61,270.49,271.01,25061100
MSFT,2022-08-19,281.88,282.22,278.62,279.2,20570033
MSFT,2022-08-18,283.15,284.83,282.07,283.13,17186200
MSFT,2022-08-17,282.71,286.23,282.44,284.25,18253400
MSFT,2022-08-16,284.3,286.29,282.77,285.0,18102900
MSFT,2022-08-15,283.34,286.43,282.47,285.74,18085700
MSFT,2022-08-12,280.88,284.22,279.38,284.22,22619700
MSFT,2022-08-11,283.19,283.54,278.96,279.46,20065938
MSFT,2022-08-10,280.58,282.17,279.38,281.54,24687845
MSFT,2022-08-09,272.27,275.62,270.29,274.86,23405238
MSFT,2022-08-08,276.57,278.39,271.97,272.94,18757818
MSFT,2022-08-05,271.8,276.18,271.34,275.46,16774606
MSFT,2022-08-04,274.38,276.33,272.79,276.18,18098700
MSFT,2022-08-03,269.47,276.03,269.32,275.03,23518900
MSFT,2022-08-02,268.73,270.57,265.2,267.58,22754200
MSFT,2022-08-01,270.51,273.87,268.58,270.69,21539600
MSFT,2022-07-29,270.39,274.58,269.35,273.35,32152800
MSFT,2022-07-28,262.65,270.52,260.81,269.13,33459327
MSFT,2022-07-27,254.28,262.94,252.03,261.66,45994049
MSFT,2022-07-26,253.02,253.04,243.0,245.27,39348000
MSFT,2022-07-25,254.12,254.61,250.04,252.01,21056000
MSFT,2022-07-22,258.25,258.34,252.24,253.5,21881300
MSFT,2022-07-21,252.94,257.91,250.26,257.86,22404700
MSFT,2022-07-20,253.05,257.89,252.09,255.36,22788300
MSFT,2022-07-19,250.79,252.87,246.99,252.69,25012600
MSFT,2022-07-18,252.91,253.97,246.63,247.55,20975034
MSFT,2022-07-15,248.99,253.51,248.06,249.96,29774100
MSFT,2022-07-14,243.97,248.42,239.46,247.39,25102823
MSFT,2022-07-13,243.6,246.87,241.57,246.06,29497423
MSFT,2022-07-12,258.88,258.94,245.4,246.99,35868500
MSFT,2022-07-11,258.65,259.51,255.27,257.54,19519108
MSFT,2022-07-08,257.82,261.04,256.36,260.61,19658800
MSFT,2022-07-07,258.14,261.97,258.04,261.33,20859900
MSFT,2022-07-06,256.8,260.93,255.49,259.2,23824419
MSFT,2022-07-05,249.42,256.06,248.03,255.93,22971634
MSFT,2022-07-01,249.63,252.92,247.9,252.74,22837700
MSFT,2022-06-30,250.28,252.7,246.24,250.07,31730900
MSFT,2022-06-29,250.8,255.06,249.02,253.4,20069839
MSFT,2022-06-28,257.02,259.88,249.56,249.72,27380247
MSFT,2022-06-27,261.14,261.23,256.34,257.91,24615114
MSFT,2022-06-24,254.92,260.92,254.83,260.65,33923231
MSFT,2022-06-23,248.84,252.54,246.95,252.04,25861449
MSFT,2022-06-22,245.25,250.39,243.77,246.46,25961215
MSFT,2022-06-21,243.67,248.04,242.94,247.06,29928300
MSFT,2022-06-17,238.26,243.9,237.61,241.13,43084800
MSFT,2022-06-16,239.5,240.91,236.62,238.52,33169200
MSFT,2022-06-15,241.77,248.58,239.93,245.13,33111729
MSFT,2022-06-14,237.44,239.27,235.15,238.05,28651500
MSFT,2022-06-13,238.65,242.46,235.17,235.88,46135800
MSFT,2022-06-10,253.72,253.72,245.88,246.33,31445841
MSFT,2022-06-09,260.73,265.53,257.66,257.82,26439728
MSFT,2022-06-08,264.56,265.81,262.51,263.29,17372341
MSFT,2022-06-07,259.61,265.93,258.93,265.32,22860700
MSFT,2022-06-06,264.89,266.96,260.18,261.67,22400342
MSFT,2022-06-03,263.19,266.25,261.34,262.91,28059000
MSFT,2022-06-02,257.49,267.42,254.71,267.35,44008209
MSFT,2022-06-01,267.95,270.37,262.92,265.24,25292200
MSFT,2022-05-31,265.35,267.53,261.85,264.71,37827700
MSFT,2022-05-27,261.41,266.14,260.51,266.04,26910806
MSFT,2022-05-26,255.37,260.08,254.55,258.9,25002105
MSFT,2022-05-25,251.35,257.62,250.36,255.61,28547947
MSFT,2022-05-24,251.1,254.44,246.82,252.78,29043904
MSFT,2022-05-23,248.76,254.61,246.75,253.78,33175400
MSFT,2022-05-20,250.47,251.73,239.95,245.91,39199300
MSFT,2022-05-19,247.21,250.88,245.24,246.47,32692300
MSFT,2022-05-18,256.08,256.66,246.11,247.39,31356000
MSFT,2022-05-17,258.5,260.66,254.95,259.19,28828800
MSFT,2022-05-16,252.52,258.22,248.46,254.02,32550933
MSFT,2022-05-13,249.99,255.52,248.05,253.65,34925100
MSFT,2022-05-12,250.32,252.45,242.87,248.05,51033802
MSFT,2022-05-11,258.08,263.6,251.89,253.1,48975900
MSFT,2022-05-10,263.92,265.92,257.49,261.79,39336424
MSFT,2022-05-09,262.33,264.57,255.79,257.01,47726000
MSFT,2022-05-06,266.95,271.26,263.51,266.87,37780322
MSFT,2022-05-05,277.38,278.16,266.5,269.42,43260400
MSFT,2022-05-04,274.51,282.56,268.82,281.69,33599320
MSFT,2022-05-03,275.84,276.0,272.14,273.72,25978605
MSFT,2022-05-02,269.76,276.79,268.32,276.33,35151105
MSFT,2022-04-29,280.35,281.59,268.59,269.58,37073923
MSFT,2022-04-28,277.04,282.66,273.41,281.35,33646600
MSFT,2022-04-27,274.03,282.65,271.18,275.12,63477700
MSFT,2022-04-26,269.56,270.4,262.28,262.49,46518445
MSFT,2022-04-25,265.47,273.07,263.02,272.69,35678900
MSFT,2022-04-22,273.62,275.1,265.56,266.19,29405800
MSFT,2022-04-21,280.33,284.91,272.05,272.78,29454600
MSFT,2022-04-20,281.12,281.41,277.21,278.17,22906700
MSFT,2022-04-19,271.39,277.99,270.45,277.14,22297720
MSFT,2022-04-18,270.94,274.38,270.38,272.5,20778000
MSFT,2022-04-14,279.85,280.07,271.33,271.83,28221607
MSFT,2022-04-13,274.64,280.32,273.25,279.39,21907200
MSFT,2022-04-12,280.96,282.42,272.46,273.99,30966721
MSFT,2022-04-11,283.44,284.24,276.85,277.1,34569300
MSFT,2022-04-08,291.85,292.51,287.81,288.48,24361917
MSFT,2022-04-07,288.17,294.96,287.87,292.75,31411200
MSFT,2022-04-06,296.46,298.22,288.22,290.93,40110400
MSFT,2022-04-05,304.31,305.87,301.01,301.99,23156719
MSFT,2022-04-04,301.22,306.1,300.85,305.96,24335868
MSFT,2022-04-01,300.52,301.26,296.8,300.57,27110529
MSFT,2022-03-31,304.92,306.12,299.08,299.49,33422100
MSFT,2022-03-30,304.78,306.91,302.67,304.88,28163600
MSFT,2022-03-29,304.93,306.79,300.21,306.39,30393403
MSFT,2022-03-28,295.62,301.91,295.62,301.81,29578200
MSFT,2022-03-25,296.5,296.76,290.73,294.99,22566500
MSFT,2022-03-24,290.58,295.5,289.79,295.4,24484500
MSFT,2022-03-23,291.91,294.55,289.2,290.92,25715400
MSFT,2022-03-22,291.22,296.27,290.22,295.36,27599700
MSFT,2022-03-21,290.34,291.55,286.46,290.6,28351245
MSFT,2022-03-18,286.92,292.39,284.36,291.84,43390625
MSFT,2022-03-17,284.91,287.16,281.1,286.78,30816633
MSFT,2022-03-16,280.84,286.14,275.1,285.97,37826329
MSFT,2022-03-15,272.33,279.59,270.76,278.94,34245100
MSFT,2022-03-14,272.32,277.23,267.93,268.53,30660747
MSFT,2022-03-11,279.72,281.23,271.44,272.06,27209330
MSFT,2022-03-10,274.92,278.4,272.55,277.42,30628012
MSFT,2022-03-09,275.33,281.32,272.75,280.25,35204500
MSFT,2022-03-08,269.85,275.84,262.28,267.96,48159500
MSFT,2022-03-07,280.27,281.4,270.56,270.93,43157200
MSFT,2022-03-04,285.87,287.2,278.96,281.57,32369655
MSFT,2022-03-03,294.23,294.46,285.64,287.46,27314500
MSFT,2022-03-02,286.91,292.84,285.3,291.6,31873007
MSFT,2022-03-01,287.92,291.39,283.79,286.51,31217800
MSFT,2022-02-28,285.89,290.58,284.62,290.24,34627500
MSFT,2022-02-25,286.7,289.12,283.31,288.81,32546721
MSFT,2022-02-24,264.71,286.71,263.75,286.16,56989700
MSFT,2022-02-23,281.88,283.35,272.08,272.25,37811200
MSFT,2022-02-22,276.85,283.2,276.36,279.49,41736117
MSFT,2022-02-18,284.66,285.45,278.12,279.69,34264008
MSFT,2022-02-17,287.88,288.31,281.7,282.41,32461600
MSFT,2022-02-16,289.83,292.26,285.28,290.93,29982121
MSFT,2022-02-15,290.82,291.59,287.93,291.27,27379488
MSFT,2022-02-14,284.78,287.68,282.43,285.97,36359500
MSFT,2022-02-11,293.91,294.98,285.22,286.01,39175620
MSFT,2022-02-10,294.74,299.66,291.5,293.13,45386200
MSFT,2022-02-09,300.39,302.39,297.99,301.69,31284700
MSFT,2022-02-08,292.03,296.21,290.77,295.24,32421200
MSFT,2022-02-07,296.8,298.42,290.72,291.74,28533300
MSFT,2022-02-04,291.03,299.35,290.79,296.58,35096500
MSFT,2022-02-03,300.02,301.7,290.78,292.03,43730000
MSFT,2022-02-02,300.16,305.48,299.43,303.87,36636000
MSFT,2022-02-01,300.91,301.12,295.79,299.31,40950400
MSFT,2022-01-31,299.49,302.82,296.99,301.46,46444536
MSFT,2022-01-28,291.05,299.04,285.44,298.83,49743700
MSFT,2022-01-27,293.39,297.89,288.81,290.66,53481317
MSFT,2022-01-26,298.56,299.06,284.06,287.63,90428900
MSFT,2022-01-25,282.6,285.96,276.44,279.66,72848638
MSFT,2022-01-24,283.26,288.02,267.6,287.3,86035393
MSFT,2022-01-21,293.43,294.8,286.56,286.97,57984403
MSFT,2022-01-20,299.61,302.11,291.92,292.37,35380700
MSFT,2022-01-19,296.92,304.31,293.44,294.05,45933900
MSFT,2022-01-18,294.77,300.32,292.51,293.39,42434112
MSFT,2022-01-14,294.94,301.31,294.46,300.71,39846414
MSFT,2022-01-13,310.66,311.06,294.69,295.47,45366000
MSFT,2022-01-12,309.89,313.51,307.38,308.53,34372217
MSFT,2022-01-11,303.79,306.92,300.41,305.34,29386800
MSFT,2022-01-10,300.02,305.09,295.36,304.65,44289500
MSFT,2022-01-07,304.54,306.81,300.6,304.43,32720018
MSFT,2022-01-06,303.56,308.94,301.95,304.27,39646148
MSFT,2022-01-05,315.89,316.09,306.31,306.7,40054327
MSFT,2022-01-04,324.58,324.94,316.14,318.94,32674306
MSFT,2022-01-03,325.08,327.65,319.68,324.5,28918013
MSFT,2021-12-31,328.15,328.98,325.57,326.03,18000800
MSFT,2021-12-30,331.44,332.62,328.45,328.93,15994500
MSFT,2021-12-29,330.85,333.76,329.28,331.48,15042000
MSFT,2021-12-28,332.65,333.29,329.91,330.81,15661500
MSFT,2021-12-27,325.19,332.0,325.16,331.97,19947029
MSFT,2021-12-23,322.57,326.1,322.55,324.45,19617848
MSFT,2021-12-22,318.25,323.4,315.78,323.0,24831500
MSFT,2021-12-21,313.39,317.7,310.01,317.27,24740600
MSFT,2021-12-20,310.26,312.92,307.85,310.12,28326532
MSFT,2021-12-17,311.06,314.98,307.54,313.89,47983713
MSFT,2021-12-16,325.44,326.46,313.14,314.96,35034831
MSFT,2021-12-15,318.55,324.93,314.57,324.41,35381122
MSFT,2021-12-14,323.02,324.4,314.19,318.29,44438700
MSFT,2021-12-13,330.25,333.27,328.7,329.01,28899431
MSFT,2021-12-10,324.73,332.51,324.55,332.06,38095700
MSFT,2021-12-09,324.18,326.2,321.96,322.91,22214200
MSFT,2021-12-08,325.05,325.23,320.68,324.72,24761000
MSFT,2021-12-07,321.49,325.52,320.0,324.67,31021936
MSFT,2021-12-06,314.04,317.43,309.46,316.21,30032600
MSFT,2021-12-03,321.83,322.51,308.29,313.12,41779300
MSFT,2021-12-02,320.2,323.29,317.77,319.41,30766000
MSFT,2021-12-01,324.88,328.9,319.31,319.98,33401146
MSFT,2021-11-30,325.06,327.44,318.92,320.47,42885609
MSFT,2021-11-29,324.69,328.66,324.5,326.33,28563500
MSFT,2021-11-26,324.12,327.59,318.08,319.59,24217242
MSFT,2021-11-24,325.99,327.81,323.69,327.57,21661307
MSFT,2021-11-23,326.73,329.06,323.35,327.34,30427600
MSFT,2021-11-22,334.07,338.97,329.16,329.43,31031113
MSFT,2021-11-19,332.15,334.54,331.73,332.61,21963403
MSFT,2021-11-18,327.83,331.97,326.81,330.83,22463533
MSFT,2021-11-17,328.57,331.72,327.65,328.74,19053400
MSFT,2021-11-16,324.81,329.64,324.65,328.52,20886832
MSFT,2021-11-15,326.61,326.94,323.22,325.19,16723009
MSFT,2021-11-12,323.11,326.31,322.98,325.82,23831049
MSFT,2021-11-11,320.53,322.97,319.81,321.67,16849844
MSFT,2021-11-10,323.74,323.8,319.24,320.09,25500938
MSFT,2021-11-09,326.19,327.75,323.7,325.07,21307400
MSFT,2021-11-08,326.38,326.72,323.61,326.08,20897001
MSFT,2021-11-05,327.55,327.82,323.59,325.18,22570100
MSFT,2021-11-04,322.11,325.65,318.84,325.55,23992202
MSFT,2021-11-03,323.09,324.06,319.95,323.19,21500100
MSFT,2021-11-02,319.61,322.65,319.31,322.34,26487109
MSFT,2021-11-01,320.64,320.76,315.81,318.71,27073200
MSFT,2021-10-29,313.63,321.25,313.41,320.88,34766000
MSFT,2021-10-28,313.83,314.35,310.96,313.85,26297943
MSFT,2021-10-27,305.77,315.55,305.77,312.71,52588700
MSFT,2021-10-26,300.93,302.29,298.61,300.07,28107349
MSFT,2021-10-25,299.34,299.38,296.53,298.15,17554500
MSFT,2021-10-22,300.35,301.02,297.83,299.15,17449332
MSFT,2021-10-21,297.23,300.95,296.44,300.7,16918100
MSFT,2021-10-20,299.2,299.68,296.2,297.46,16537100
MSFT,2021-10-19,298.37,299.29,297.27,298.25,17682139
MSFT,2021-10-18,293.74,298.23,292.89,297.34,22729300
MSFT,2021-10-15,292.55,294.59,290.79,294.36,25384803
MSFT,2021-10-14,289.52,293.45,288.19,292.95,27262902
MSFT,2021-10-13,285.37,287.66,283.99,286.72,23424025
MSFT,2021-10-12,285.78,285.88,282.89,283.4,17974143
MSFT,2021-10-11,283.43,288.32,283.27,284.7,19298634
MSFT,2021-10-08,286.63,287.03,284.25,285.3,17685700
MSFT,2021-10-07,285.62,287.03,284.4,285.3,20430500
MSFT,2021-10-06,276.53,284.12,276.27,283.62,28002600
MSFT,2021-10-05,274.85,281.0,274.85,279.41,24993024
MSFT,2021-10-04,278.09,278.43,271.17,273.94,31350747
MSFT,2021-10-01,272.99,280.59,272.18,279.74,30086300
MSFT,2021-09-30,276.46,278.51,272.5,272.79,32343635
MSFT,2021-09-29,275.87,277.49,273.85,274.81,26353700
MSFT,2021-09-28,280.42,281.36,273.59,274.34,43186237
MSFT,2021-09-27,286.56,286.88,283.46,284.65,23571742
MSFT,2021-09-24,288.58,290.1,287.32,289.66,14999000
MSFT,2021-09-23,289.17,291.16,287.9,289.86,18604601
MSFT,2021-09-22,287.12,290.5,284.97,288.91,26626342
MSFT,2021-09-21,286.12,287.91,284.55,285.26,22364103
MSFT,2021-09-20,286.73,289.05,280.14,284.77,38278700
MSFT,2021-09-17,294.32,294.64,289.83,290.16,41372500
MSFT,2021-09-16,293.93,295.43,291.02,295.34,19550815
MSFT,2021-09-15,293.44,295.43,292.05,294.95,28356304
MSFT,2021-09-14,289.86,291.63,288.44,290.08,21853433
MSFT,2021-09-13,287.91,288.87,284.55,287.37,23652949
MSFT,2021-09-10,288.76,290.21,285.82,286.14,19633400
MSFT,2021-09-09,291.08,292.36,287.39,287.63,19927000
MSFT,2021-09-08,290.07,290.88,287.84,290.49,15046819
MSFT,2021-09-07,291.26,291.34,288.54,290.46,17184083
MSFT,2021-09-03,291.24,292.8,290.54,291.39,14751610
MSFT,2021-09-02,292.42,293.54,290.46,291.4,16290545
MSFT,2021-09-01,293.07,295.31,291.73,292.06,18983826
MSFT,2021-08-31,294.57,294.65,291.74,292.11,26285338
MSFT,2021-08-30,291.37,294.37,291.31,293.76,16348100
MSFT,2021-08-27,289.31,291.13,287.22,290.02,22605726
MSFT,2021-08-26,291.25,292.64,289.27,289.41,17666100
MSFT,2021-08-25,294.45,294.73,290.69,292.23,20006100
MSFT,2021-08-24,295.14,295.75,292.22,292.82,18175800
MSFT,2021-08-23,293.44,295.52,292.08,294.79,22830200
MSFT,2021-08-20,290.02,295.94,288.41,294.51,40817646
MSFT,2021-08-19,279.34,287.84,279.29,287.16,29850500
MSFT,2021-08-18,282.59,285.28,280.87,281.32,21813000
MSFT,2021-08-17,282.38,283.39,281.12,283.05,20075300
MSFT,2021-08-16,283.16,284.73,280.1,284.52,22516027
MSFT,2021-08-13,279.58,282.88,279.4,282.83,18249046
MSFT,2021-08-12,276.82,280.04,276.54,279.89,14570391
MSFT,2021-08-11,277.38,278.78,276.08,277.13,13955934
MSFT,2021-08-10,278.92,279.35,275.44,276.64,18616600
MSFT,2021-08-09,279.83,281.57,277.96,278.46,16117629
MSFT,2021-08-06,278.63,279.59,277.77,279.55,16589336
MSFT,2021-08-05,277.06,279.72,276.31,279.61,13900200
MSFT,2021-08-04,276.42,277.74,274.9,276.7,16191301
MSFT,2021-08-03,275.65,277.4,274.28,277.29,17879048
MSFT,2021-08-02,276.56,276.95,274.03,275.07,16267400
MSFT,2021-07-30,275.41,276.85,274.19,275.16,20944846
MSFT,2021-07-29,276.44,278.74,276.28,276.69,18168300
MSFT,2021-07-28,279.1,280.22,274.11,276.42,33566900
MSFT,2021-07-27,279.52,279.67,273.26,276.73,33604100
MSFT,2021-07-26,279.11,279.78,276.83,279.16,23176100
MSFT,2021-07-23,277.54,280.07,276.7,279.76,22768100
MSFT,2021-07-22,274.13,276.62,273.72,276.35,23384100
MSFT,2021-07-21,269.36,271.89,267.8,271.77,24364320
MSFT,2021-07-20,268.51,271.35,266.8,269.76,26259741
MSFT,2021-07-19,269.38,270.78,265.06,267.53,32935634
MSFT,2021-07-16,272.41,274.38,269.89,271.14,26186848
MSFT,2021-07-15,272.35,272.84,270.25,271.41,22604227
MSFT,2021-07-14,272.69,273.95,270.95,272.84,23113700
MSFT,2021-07-13,268.02,273.17,267.89,271.36,26120128
MSFT,2021-07-12,269.61,270.2,267.12,267.83,18931700
MSFT,2021-07-09,266.29,268.54,265.9,268.43,23916700
MSFT,2021-07-08,267.43,269.2,265.47,267.93,24618600
MSFT,2021-07-07,269.84,271.08,267.67,270.35,23260031
MSFT,2021-07-06,268.52,269.81,264.91,268.16,31565600
MSFT,2021-07-02,263.49,268.49,263.18,268.15,26474408
MSFT,2021-07-01,260.38,262.53,260.37,262.3,16725323
MSFT,2021-06-30,261.43,262.07,260.37,261.63,21656500
MSFT,2021-06-29,259.67,262.35,258.81,262.11,19937811
MSFT,2021-06-28,257.08,259.69,256.81,259.52,19590024
MSFT,2021-06-25,257.12,258.1,255.7,255.95,25611113
MSFT,2021-06-24,257.05,258.68,256.38,257.56,21446900
MSFT,2021-06-23,256.9,257.71,255.39,256.2,19518700
MSFT,2021-06-22,253.73,256.69,253.42,256.42,24694100
MSFT,2021-06-21,250.93,254.5,249.09,253.64,26696119
MSFT,2021-06-18,250.74,253.32,249.89,250.55,37202217
MSFT,2021-06-17,247.31,252.79,247.25,251.97,27565537
MSFT,2021-06-16,250.52,251.66,245.71,248.57,27220000
MSFT,2021-06-15,250.88,251.09,248.86,249.52,18038931
MSFT,2021-06-14,249.08,251.06,248.02,251.0,19150507
MSFT,2021-06-11,249.16,249.64,247.82,249.06,18999731
MSFT,2021-06-10,245.59,248.65,244.99,248.44,24563619
MSFT,2021-06-09,245.12,246.78,244.54,244.91,17937634
MSFT,2021-06-08,246.43,247.25,243.87,243.93,22455000
MSFT,2021-06-07,241.42,245.39,241.26,245.12,23079200
MSFT,2021-06-04,239.28,243.04,239.04,242.21,25281100
MSFT,2021-06-03,236.83,237.91,234.68,237.3,25307711
MSFT,2021-06-02,239.64,240.74,237.43,238.84,19406705
MSFT,2021-06-01,242.63,242.69,238.51,238.93,23213310
MSFT,2021-05-28,242.4,243.45,241.01,241.13,18274942
MSFT,2021-05-27,242.58,242.88,240.72,240.78,24426244
MSFT,2021-05-26,242.82,244.28,242.17,242.88,17771600
MSFT,2021-05-25,243.15,244.09,242.23,243.1,17704303
MSFT,2021-05-24,239.31,242.57,239.04,242.2,21411547
MSFT,2021-05-21,239.1,239.83,236.36,236.78,21863100
MSFT,2021-05-20,235.61,239.46,235.51,238.04,21800716
MSFT,2021-05-19,231.12,234.91,230.43,234.8,25739807
MSFT,2021-05-18,237.29,237.43,234.05,234.22,20168000
MSFT,2021-05-17,237.56,237.6,234.64,236.24,24970200
MSFT,2021-05-14,236.62,240.09,236.54,239.1,23901100
MSFT,2021-05-13,232.98,236.65,232.62,234.17,29624300
MSFT,2021-05-12,233.34,235.47,229.39,230.29,36684400
MSFT,2021-05-11,235.63,237.61,233.72,237.25,33641600
MSFT,2021-05-10,241.73,242.55,238.11,238.17,29299900
MSFT,2021-05-07,242.96,245.03,242.02,243.26,27032912
MSFT,2021-05-06,237.47,240.76,235.77,240.63,26491100
MSFT,2021-05-05,239.99,240.41,236.86,237.49,21901325
MSFT,2021-05-04,241.82,242.06,236.8,238.76,32756100
MSFT,2021-05-03,244.16,245.08,241.97,242.68,19626600
MSFT,2021-04-30,240.64,243.86,240.5,242.99,30945100
MSFT,2021-04-29,246.15,246.77,239.93,243.31,40589023
MSFT,2021-04-28,246.74,247.19,243.73,245.28,46903119
MSFT,2021-04-27,252.04,253.6,250.64,252.42,31014213
MSFT,2021-04-26,252.13,252.88,250.69,252.02,19763346
MSFT,2021-04-23,248.48,251.98,247.89,251.63,21499286
MSFT,2021-04-22,250.73,252.24,246.33,247.8,25606200
MSFT,2021-04-21,249.5,251.18,247.87,251.08,24030400
MSFT,2021-04-20,248.43,250.72,247.48,248.85,19722900
MSFT,2021-04-19,250.71,251.95,248.42,249.31,23209300
MSFT,2021-04-16,250.02,251.49,248.21,251.24,24878600
MSFT,2021-04-15,248.53,250.45,248.33,250.04,25627500
MSFT,2021-04-14,248.09,249.39,245.86,246.27,23070938
MSFT,2021-04-13,247.88,249.74,247.47,249.07,23837500
MSFT,2021-04-12,245.42,248.28,245.34,246.58,27148700
MSFT,2021-04-09,243.65,246.65,243.23,246.52,24326833
MSFT,2021-04-08,243.56,244.88,242.82,244.02,23625200
MSFT,2021-04-07,238.78,241.78,238.18,240.79,22719835
MSFT,2021-04-06,238.59,240.31,237.89,238.83,22931923
MSFT,2021-04-05,233.91,240.85,233.85,239.99,36910609
MSFT,2021-04-01,229.78,233.99,229.38,233.52,30338000
MSFT,2021-03-31,224.42,230.39,223.92,227.18,43623500
MSFT,2021-03-30,225.02,225.33,222.68,223.4,24792012
MSFT,2021-03-29,227.97,228.17,223.43,226.67,25227500
MSFT,2021-03-26,223.11,228.08,223.11,227.86,25479900
MSFT,2021-03-25,226.72,228.3,223.13,223.87,34061900
MSFT,2021-03-24,229.18,229.33,226.75,226.88,25620127
MSFT,2021-03-23,228.83,232.26,228.43,228.92,31638400
MSFT,2021-03-22,221.88,228.27,221.75,227.39,30127005
MSFT,2021-03-19,222.6,223.99,220.99,221.95,46430730
MSFT,2021-03-18,224.08,225.65,221.93,222.31,34852251
MSFT,2021-03-17,227.54,229.85,224.73,228.4,29562100
MSFT,2021-03-16,227.67,231.31,227.34,229.05,28092200
MSFT,2021-03-15,226.39,226.62,223.36,226.25,26042669
MSFT,2021-03-12,225.48,227.23,224.73,227.16,22653700
MSFT,2021-03-11,226.4,230.46,225.77,228.49,29907600
MSFT,2021-03-10,228.36,228.36,223.58,223.95,29746812
MSFT,2021-03-09,224.39,226.8,223.23,225.26,33080531
MSFT,2021-03-08,222.93,224.86,218.85,219.1,35267440
MSFT,2021-03-05,221.16,224.77,218.21,223.16,41872800
MSFT,2021-03-04,218.48,224.02,216.09,218.47,44727800
MSFT,2021-03-03,223.7,225.07,218.98,219.27,34029526
MSFT,2021-03-02,228.38,228.66,224.95,225.35,22812500
MSFT,2021-03-01,227.3,228.81,224.65,228.3,25332837
MSFT,2021-02-26,223.09,226.79,221.17,223.91,37819227
MSFT,2021-02-25,223.62,226.04,219.57,220.64,39542235
MSFT,2021-02-24,221.63,226.63,220.65,226.0,26339746
MSFT,2021-02-23,221.94,226.27,220.4,224.77,30228704
MSFT,2021-02-22,228.76,229.26,223.93,225.96,36446936
MSFT,2021-02-19,234.87,234.97,231.43,232.19,25262600
MSFT,2021-02-18,232.98,235.03,232.08,234.9,16925600
MSFT,2021-02-17,232.52,235.41,232.16,235.3,21673109
MSFT,2021-02-16,235.56,236.62,233.53,234.28,26728500
MSFT,2021-02-12,234.5,235.82,233.35,235.52,16561100
MSFT,2021-02-11,235.32,235.67,232.79,235.04,15751100
MSFT,2021-02-10,235.53,236.41,231.57,233.43,22186706
MSFT,2021-02-09,232.51,235.29,232.04,234.34,23565000
MSFT,2021-02-08,233.75,234.26,231.5,233.1,22211929
MSFT,2021-02-05,232.87,233.88,231.13,232.84,18054800
MSFT,2021-02-04,233.27,233.83,231.07,232.65,25296100
MSFT,2021-02-03,230.3,235.61,230.0,233.6,27158104
MSFT,2021-02-02,231.97,232.94,229.46,230.25,25916337
MSFT,2021-02-01,225.97,233.12,223.44,230.38,33314200
MSFT,2021-01-29,226.86,228.82,222.4,222.99,42503138
MSFT,2021-01-28,226.5,233.26,226.0,229.69,49111200
MSFT,2021-01-27,228.8,231.15,221.25,223.9,69870638
MSFT,2021-01-26,222.9,225.13,221.19,223.35,49169601
MSFT,2021-01-25,220.27,220.9,215.56,220.66,33152100
MSFT,2021-01-22,218.3,221.17,217.07,217.21,30172700
MSFT,2021-01-21,216.01,217.55,213.82,216.27,30749553
MSFT,2021-01-20,209.29,217.06,208.89,215.67,37777300
MSFT,2021-01-19,205.48,208.59,204.41,208.07,30480900
MSFT,2021-01-15,205.27,206.22,203.83,204.43,31746512
MSFT,2021-01-14,207.56,209.05,204.51,204.78,29480800
MSFT,2021-01-13,205.75,208.38,205.66,207.98,20087100
MSFT,2021-01-12,208.13,208.71,205.07,206.62,23249336
MSFT,2021-01-11,210.02,210.45,208.35,209.08,23047029
MSFT,2021-01-08,210.23,212.05,208.64,211.13,22956206
MSFT,2021-01-07,205.76,210.86,205.45,209.85,27694500
MSFT,2021-01-06,203.96,208.12,203.74,204.04,35930700
MSFT,2021-01-05,208.86,210.08,207.37,209.48,23823000
MSFT,2021-01-04,213.92,214.37,206.5,209.27,37130139
MSFT,2020-12-31,213.13,214.38,211.19,213.82,20942132
MSFT,2020-12-30,216.52,216.91,212.91,213.11,20272337
MSFT,2020-12-29,217.56,218.39,214.93,215.48,17403213
MSFT,2020-12-28,215.77,217.29,214.4,216.26,17933500
MSFT,2020-12-24,212.86,214.97,212.65,214.14,10550600
MSFT,2020-12-23,214.48,214.91,212.26,212.47,18699638
MSFT,2020-12-22,214.08,216.9,213.27,215.28,22643397
MSFT,2020-12-21,209.13,215.34,208.88,213.98,37181900
MSFT,2020-12-18,210.14,211.2,207.67,210.14,63354922
MSFT,2020-12-17,211.37,212.35,209.5,210.94,32515800
MSFT,2020-12-16,206.45,211.6,206.42,210.8,35023300
MSFT,2020-12-15,206.85,207.09,204.03,205.85,27018106
MSFT,2020-12-14,204.86,207.85,204.65,205.92,28798400
MSFT,2020-12-11,201.92,205.07,201.02,205.01,30979440
MSFT,2020-12-10,203.58,204.84,202.23,202.38,26733300
MSFT,2020-12-09,206.84,206.91,203.04,203.61,32440603
MSFT,2020-12-08,205.7,208.56,204.66,207.66,23284100
MSFT,2020-12-07,206.08,207.2,204.75,206.0,24620000
MSFT,2020-12-04,205.94,207.05,204.94,206.07,24666039
MSFT,2020-12-03,206.32,208.02,205.39,205.96,25120922
MSFT,2020-12-02,206.57,207.14,204.57,207.04,23724509
MSFT,2020-12-01,206.22,208.92,205.1,207.85,30931318
MSFT,2020-11-30,205.82,206.45,202.68,205.79,33064800
MSFT,2020-11-27,206.54,207.91,205.77,206.91,14512213
MSFT,2020-11-25,206.79,206.97,204.24,205.6,21012900
MSFT,2020-11-24,201.49,205.96,200.78,205.59,33979731
MSFT,2020-11-23,202.8,204.09,200.12,201.99,25683507
MSFT,2020-11-20,204.0,205.05,201.89,202.26,22843119
MSFT,2020-11-19,203.21,204.8,201.82,204.21,24792746
MSFT,2020-11-18,205.39,206.85,202.78,202.92,28372800
MSFT,2020-11-17,207.2,208.72,205.27,205.63,24154112
MSFT,2020-11-16,206.03,208.78,205.69,208.29,24953344
MSFT,2020-11-13,207.46,208.47,205.35,207.6,18630307
MSFT,2020-11-12,208.27,210.09,205.63,206.57,21616115
MSFT,2020-11-11,203.64,209.06,203.46,207.63,29440800
MSFT,2020-11-10,205.67,207.58,201.08,202.32,44045120
MSFT,2020-11-09,215.2,218.73,208.91,209.4,44395000
MSFT,2020-11-06,213.11,215.12,209.05,214.51,25231900
MSFT,2020-11-05,212.9,214.9,212.05,214.1,36080137
MSFT,2020-11-04,205.21,209.33,203.67,207.48,42311800
MSFT,2020-11-03,195.49,199.55,194.76,197.93,27512030
MSFT,2020-11-02,195.88,196.83,191.88,194.0,30842200
MSFT,2020-10-30,195.12,195.88,191.4,194.13,36980111
MSFT,2020-10-29,195.67,198.82,195.0,196.29,31432600
MSFT,2020-10-28,199.11,200.24,193.77,194.33,51195600
MSFT,2020-10-27,202.88,205.83,201.67,204.47,36700325
