Date,Price
24-10-2025,"4,974.65"
23-10-2025,"4,922.01"
22-10-2025,"4,898.09"
21-10-2025,"4,912.89"
20-10-2025,"4,923.57"
17-10-2025,"4,870.84"
16-10-2025,"4,858.33"
15-10-2025,"4,858.42"
14-10-2025,"4,827.95"
13-10-2025,"4,865.60"
10-10-2025,"4,793.94"
09-10-2025,"4,923.52"
08-10-2025,"4,935.06"
07-10-2025,"4,908.60"
06-10-2025,"4,926.86"
03-10-2025,"4,916.00"
02-10-2025,"4,907.16"
01-10-2025,"4,893.59"
30-09-2025,"4,856.66"
29-09-2025,"4,824.72"
26-09-2025,"4,815.19"
25-09-2025,"4,793.52"
24-09-2025,"4,802.78"
23-09-2025,"4,825.82"
22-09-2025,"4,858.88"
19-09-2025,"4,825.31"
18-09-2025,"4,798.57"
17-09-2025,"4,772.82"
16-09-2025,"4,791.59"
15-09-2025,"4,799.05"
12-09-2025,"4,763.46"
11-09-2025,"4,753.01"
10-09-2025,"4,732.28"
09-09-2025,"4,713.61"
08-09-2025,"4,703.09"
05-09-2025,"4,681.00"
04-09-2025,"4,700.05"
03-09-2025,"4,662.04"
02-09-2025,"4,611.39"
01-09-2025,"4,651.25"
29-08-2025,"4,650.03"
28-08-2025,"4,686.15"
27-08-2025,"4,664.80"
26-08-2025,"4,651.70"
25-08-2025,"4,639.06"
22-08-2025,"4,653.66"
21-08-2025,"4,586.95"
20-08-2025,"4,602.34"
19-08-2025,"4,619.21"
18-08-2025,"4,651.77"
15-08-2025,"4,655.46"
14-08-2025,"4,659.95"
13-08-2025,"4,645.47"
12-08-2025,"4,633.24"
11-08-2025,"4,591.25"
08-08-2025,"4,604.85"
07-08-2025,"4,561.94"
06-08-2025,"4,549.73"
05-08-2025,"4,499.61"
04-08-2025,"4,515.75"
01-08-2025,"4,452.76"
31-07-2025,"4,531.28"
30-07-2025,"4,552.13"
29-07-2025,"4,552.05"
28-07-2025,"4,560.32"
25-07-2025,"4,555.69"
24-07-2025,"4,557.05"
23-07-2025,"4,530.92"
22-07-2025,"4,483.92"
21-07-2025,"4,498.54"
18-07-2025,"4,481.66"
17-07-2025,"4,482.18"
16-07-2025,"4,458.21"
15-07-2025,"4,453.40"
14-07-2025,"4,438.17"
11-07-2025,"4,441.97"
10-07-2025,"4,448.61"
09-07-2025,"4,436.00"
08-07-2025,"4,397.54"
07-07-2025,"4,400.86"
04-07-2025,"4,431.75"
03-07-2025,"4,434.58"
02-07-2025,"4,398.21"
01-07-2025,"4,362.20"
30-06-2025,"4,375.32"
27-06-2025,"4,363.23"
26-06-2025,"4,325.61"
25-06-2025,"4,295.41"
24-06-2025,"4,270.86"
23-06-2025,"4,218.58"
20-06-2025,"4,195.04"
19-06-2025,"4,209.96"
18-06-2025,"4,217.17"
17-06-2025,"4,220.46"
16-06-2025,"4,253.01"
13-06-2025,"4,218.29"
12-06-2025,"4,270.80"
11-06-2025,"4,249.39"
10-06-2025,"4,259.49"
09-06-2025,"4,241.43"
06-06-2025,"4,231.08"
05-06-2025,"4,197.99"
04-06-2025,"4,207.09"
03-06-2025,"4,189.30"
02-06-2025,"4,168.77"
30-05-2025,"4,149.42"
29-05-2025,"4,156.92"
28-05-2025,"4,128.53"
27-05-2025,"4,149.23"
26-05-2025,"4,078.28"
23-05-2025,"4,071.93"
22-05-2025,"4,104.61"
21-05-2025,"4,107.25"
20-05-2025,"4,145.46"
19-05-2025,"4,155.25"
16-05-2025,"4,144.98"
15-05-2025,"4,134.52"
14-05-2025,"4,122.46"
13-05-2025,"4,106.51"
12-05-2025,"4,063.41"
09-05-2025,"3,938.56"
08-05-2025,"3,936.47"
07-05-2025,"3,921.16"
06-05-2025,"3,928.62"
05-05-2025,"3,946.68"
02-05-2025,"3,970.07"
01-05-2025,"3,923.34"
30-04-2025,"3,889.29"
29-04-2025,"3,888.27"
28-04-2025,"3,876.71"
25-04-2025,"3,875.67"
24-04-2025,"3,841.21"
23-04-2025,"3,765.56"
22-04-2025,"3,694.03"
21-04-2025,"3,629.76"
18-04-2025,"3,691.43"
17-04-2025,"3,689.06"
16-04-2025,"3,681.60"
15-04-2025,"3,764.85"
14-04-2025,"3,769.04"
11-04-2025,"3,730.15"
10-04-2025,"3,656.20"
09-04-2025,"3,726.09"
08-04-2025,"3,460.48"
07-04-2025,"3,488.16"
04-04-2025,"3,533.72"
03-04-2025,"3,746.72"
02-04-2025,"3,928.81"
01-04-2025,"3,914.08"
31-03-2025,"3,891.92"
28-03-2025,"3,897.64"
27-03-2025,"3,973.72"
26-03-2025,"3,988.78"
25-03-2025,"4,046.88"
24-03-2025,"4,037.09"
21-03-2025,"3,992.30"
20-03-2025,"3,984.42"
19-03-2025,"4,000.81"
18-03-2025,"3,961.25"
14-03-2025,"3,975.92"
13-03-2025,"3,899.17"
12-03-2025,"3,944.18"
11-03-2025,"3,918.43"
10-03-2025,"3,951.96"
06-03-2025,"4,039.70"
05-03-2025,"4,088.47"
04-03-2025,"4,034.77"
03-03-2025,"4,059.70"
28-02-2025,"4,129.71"
27-02-2025,"4,081.02"
26-02-2025,"4,167.20"
25-02-2025,"4,158.97"
24-02-2025,"4,177.50"
21-02-2025,"4,208.17"
20-02-2025,"4,260.47"
19-02-2025,"4,266.10"
18-02-2025,"4,258.27"
17-02-2025,"4,249.89"
14-02-2025,"4,244.73"
13-02-2025,"4,238.01"
12-02-2025,"4,185.00"
11-02-2025,"4,191.38"
10-02-2025,"4,175.21"
07-02-2025,"4,139.19"
06-02-2025,"4,190.47"
05-02-2025,"4,159.29"
04-02-2025,"4,143.95"
03-02-2025,"4,098.99"
31-01-2025,"4,149.64"
30-01-2025,"4,170.20"
29-01-2025,"4,162.87"
28-01-2025,"4,180.17"
27-01-2025,"4,111.57"
24-01-2025,"4,211.84"
23-01-2025,"4,227.07"
22-01-2025,"4,210.93"
21-01-2025,"4,161.83"
20-01-2025,"4,141.99"
17-01-2025,"4,129.14"
16-01-2025,"4,084.21"
15-01-2025,"4,105.12"
14-01-2025,"4,031.80"
13-01-2025,"4,040.84"
10-01-2025,"4,052.28"
09-01-2025,"4,118.55"
08-01-2025,"4,116.67"
07-01-2025,"4,116.97"
06-01-2025,"4,172.06"
03-01-2025,"4,128.55"
02-01-2025,"4,086.23"
31-12-2024,"4,092.06"
30-12-2024,"4,115.13"
27-12-2024,"4,152.29"
26-12-2024,"4,191.15"
25-12-2024,"4,188.84"
24-12-2024,"4,186.84"
23-12-2024,"4,149.94"
20-12-2024,"4,114.58"
19-12-2024,"4,069.36"
18-12-2024,"4,070.01"
17-12-2024,"4,174.44"
16-12-2024,"4,184.20"
13-12-2024,"4,156.89"
12-12-2024,"4,151.30"
11-12-2024,"4,166.55"
10-12-2024,"4,123.29"
09-12-2024,"4,137.91"
06-12-2024,"4,147.81"
05-12-2024,"4,139.98"
04-12-2024,"4,127.94"
03-12-2024,"4,095.58"
02-12-2024,"4,079.63"
29-11-2024,"4,059.83"
28-11-2024,"4,031.34"
27-11-2024,"4,028.62"
26-11-2024,"4,043.49"
25-11-2024,"4,015.09"
22-11-2024,"4,004.12"
21-11-2024,"4,008.79"
20-11-2024,"4,014.93"
19-11-2024,"4,029.06"
18-11-2024,"4,001.02"
15-11-2024,"3,988.70"
14-11-2024,"4,055.70"
13-11-2024,"4,059.78"
12-11-2024,"4,064.31"
11-11-2024,"4,068.18"
08-11-2024,"4,088.77"
07-11-2024,"4,106.84"
06-11-2024,"4,058.78"
05-11-2024,"4,000.16"
04-11-2024,"3,960.32"
01-11-2024,"3,970.03"
31-10-2024,"3,942.79"
30-10-2024,"4,036.19"
29-10-2024,"4,059.73"
28-10-2024,"4,048.85"
25-10-2024,"4,038.35"
24-10-2024,"4,033.54"
23-10-2024,"4,035.53"
22-10-2024,"4,083.89"
21-10-2024,"4,077.00"
18-10-2024,"4,072.05"
17-10-2024,"4,051.23"
16-10-2024,"4,042.00"
15-10-2024,"4,036.43"
14-10-2024,"4,076.33"
11-10-2024,"4,043.71"
10-10-2024,"4,027.97"
09-10-2024,"4,025.04"
08-10-2024,"3,998.31"
07-10-2024,"3,968.59"
04-10-2024,"3,990.58"
03-10-2024,"3,963.63"
02-10-2024,"3,968.33"
01-10-2024,"3,963.57"
30-09-2024,"4,012.41"
27-09-2024,"4,006.68"
26-09-2024,"4,019.87"
25-09-2024,"3,993.54"
24-09-2024,"3,997.04"
23-09-2024,"3,968.80"
20-09-2024,"3,965.81"
19-09-2024,"3,976.30"
18-09-2024,"3,903.54"
17-09-2024,"3,913.98"
16-09-2024,"3,913.76"
13-09-2024,"3,923.10"
12-09-2024,"3,907.55"
11-09-2024,"3,868.31"
10-09-2024,"3,810.12"
09-09-2024,"3,799.62"
06-09-2024,"3,766.89"
05-09-2024,"3,842.55"
04-09-2024,"3,845.56"
03-09-2024,"3,871.93"
02-09-2024,"3,974.48"
30-08-2024,"3,972.70"
29-08-2024,"3,939.81"
28-08-2024,"3,952.17"
27-08-2024,"3,981.21"
26-08-2024,"3,969.93"
23-08-2024,"3,988.50"
22-08-2024,"3,938.57"
21-08-2024,"3,981.42"
20-08-2024,"3,971.37"
19-08-2024,"3,971.80"
16-08-2024,"3,929.75"
15-08-2024,"3,908.72"
14-08-2024,"3,848.03"
13-08-2024,"3,830.05"
12-08-2024,"3,758.80"
09-08-2024,"3,744.93"
08-08-2024,"3,721.67"
07-08-2024,"3,651.61"
06-08-2024,"3,660.39"
05-08-2024,"3,631.25"
02-08-2024,"3,767.13"
01-08-2024,"3,841.01"
31-07-2024,"3,907.20"
30-07-2024,"3,823.95"
29-07-2024,"3,860.18"
26-07-2024,"3,863.13"
25-07-2024,"3,829.35"
24-07-2024,"3,868.31"
23-07-2024,"3,964.12"
22-07-2024,"3,962.27"
19-07-2024,"3,918.63"
18-07-2024,"3,951.47"
17-07-2024,"3,986.46"
16-07-2024,"4,045.77"
15-07-2024,"4,055.85"
12-07-2024,"4,051.73"
11-07-2024,"4,029.52"
10-07-2024,"4,085.47"
09-07-2024,"4,036.55"
08-07-2024,"4,035.90"
05-07-2024,"4,029.82"
04-07-2024,"4,011.35"
03-07-2024,"4,001.84"
02-07-2024,"3,968.83"
01-07-2024,"3,954.76"
28-06-2024,"3,915.40"
27-06-2024,"3,943.48"
26-06-2024,"3,944.49"
25-06-2024,"3,933.19"
24-06-2024,"3,894.95"
21-06-2024,"3,917.12"
20-06-2024,"3,935.50"
19-06-2024,"3,952.33"
18-06-2024,"3,950.79"
17-06-2024,"3,938.10"
14-06-2024,"3,914.63"
13-06-2024,"3,912.81"
12-06-2024,"3,901.15"
11-06-2024,"3,860.15"
10-06-2024,"3,837.94"
07-06-2024,"3,833.54"
06-06-2024,"3,841.82"
05-06-2024,"3,834.23"
04-06-2024,"3,784.03"
03-06-2024,"3,775.43"
31-05-2024,"3,746.70"
30-05-2024,"3,732.53"
29-05-2024,"3,764.29"
28-05-2024,"3,785.89"
27-05-2024,"3,765.98"
24-05-2024,"3,761.29"
23-05-2024,"3,739.99"
22-05-2024,"3,741.43"
21-05-2024,"3,754.25"
20-05-2024,"3,743.77"
17-05-2024,"3,731.87"
16-05-2024,"3,733.00"
15-05-2024,"3,741.41"
14-05-2024,"3,694.49"
13-05-2024,"3,678.28"
10-05-2024,"3,670.43"
09-05-2024,"3,664.74"
08-05-2024,"3,654.10"
07-05-2024,"3,652.65"
06-05-2024,"3,645.16"
02-05-2024,"3,558.54"
01-05-2024,"3,521.95"
30-04-2024,"3,526.28"
29-04-2024,"3,578.39"
26-04-2024,"3,577.66"
25-04-2024,"3,517.09"
24-04-2024,"3,529.43"
23-04-2024,"3,530.61"
22-04-2024,"3,484.99"
19-04-2024,"3,444.85"
18-04-2024,"3,494.29"
17-04-2024,"3,503.04"
16-04-2024,"3,524.45"
15-04-2024,"3,543.54"
12-04-2024,"3,583.18"
11-04-2024,"3,625.98"
10-04-2024,"3,585.85"
09-04-2024,"3,601.95"
08-04-2024,"3,598.68"
05-04-2024,"3,599.09"
04-04-2024,"3,571.78"
03-04-2024,"3,605.33"
02-04-2024,"3,601.44"
01-04-2024,"3,614.34"
29-03-2024,"3,617.59"
28-03-2024,"3,616.05"
27-03-2024,"3,616.14"
26-03-2024,"3,596.27"
25-03-2024,"3,608.83"
22-03-2024,"3,618.67"
21-03-2024,"3,610.09"
20-03-2024,"3,607.52"
19-03-2024,"3,577.09"
18-03-2024,"3,556.34"
15-03-2024,"3,536.90"
14-03-2024,"3,563.43"
13-03-2024,"3,560.85"
12-03-2024,"3,564.32"
11-03-2024,"3,513.09"
08-03-2024,"3,522.05"
07-03-2024,"3,547.70"
06-03-2024,"3,504.38"
05-03-2024,"3,486.11"
04-03-2024,"3,521.36"
01-03-2024,"3,525.69"
29-02-2024,"3,494.95"
28-02-2024,"3,478.49"
27-02-2024,"3,492.25"
26-02-2024,"3,490.53"
23-02-2024,"3,509.58"
22-02-2024,"3,508.89"
21-02-2024,"3,422.91"
20-02-2024,"3,422.28"
19-02-2024,"3,442.71"
16-02-2024,"3,440.00"
15-02-2024,"3,444.19"
14-02-2024,"3,443.63"
13-02-2024,"3,423.48"
12-02-2024,"3,462.80"
09-02-2024,"3,471.33"
08-02-2024,"3,447.65"
07-02-2024,"3,452.81"
06-02-2024,"3,426.15"
05-02-2024,"3,414.60"
02-02-2024,"3,407.99"
01-02-2024,"3,375.81"
31-01-2024,"3,336.89"
30-01-2024,"3,397.51"
29-01-2024,"3,405.86"
26-01-2024,"3,382.69"
25-01-2024,"3,384.18"
24-01-2024,"3,367.43"
23-01-2024,"3,346.59"
22-01-2024,"3,335.60"
19-01-2024,"3,327.59"
18-01-2024,"3,286.43"
17-01-2024,"3,251.36"
16-01-2024,"3,272.55"
15-01-2024,"3,289.67"
12-01-2024,"3,293.34"
11-01-2024,"3,282.40"
10-01-2024,"3,280.00"
09-01-2024,"3,260.59"
08-01-2024,"3,259.22"
05-01-2024,"3,212.43"
04-01-2024,"3,211.61"
03-01-2024,"3,224.79"
02-01-2024,"3,238.36"
01-01-2024,"3,268.13"
29-12-2023,"3,268.10"
28-12-2023,"3,270.26"
27-12-2023,"3,270.32"
26-12-2023,"3,260.68"
25-12-2023,"3,251.63"
22-12-2023,"3,251.48"
21-12-2023,"3,253.45"
20-12-2023,"3,229.58"
19-12-2023,"3,256.88"
18-12-2023,"3,242.70"
15-12-2023,"3,223.43"
14-12-2023,"3,218.47"
13-12-2023,"3,220.63"
12-12-2023,"3,191.63"
11-12-2023,"3,176.02"
08-12-2023,"3,178.49"
07-12-2023,"3,166.37"
06-12-2023,"3,141.12"
05-12-2023,"3,156.40"
04-12-2023,"3,143.68"
01-12-2023,"3,169.40"
30-11-2023,"3,160.03"
29-11-2023,"3,162.10"
28-11-2023,"3,171.83"
27-11-2023,"3,165.78"
24-11-2023,"3,170.75"
23-11-2023,"3,172.17"
22-11-2023,"3,169.69"
21-11-2023,"3,160.26"
20-11-2023,"3,172.52"
17-11-2023,"3,148.59"
16-11-2023,"3,143.08"
15-11-2023,"3,129.97"
14-11-2023,"3,129.08"
13-11-2023,"3,083.11"
10-11-2023,"3,083.00"
09-11-2023,"3,047.62"
08-11-2023,"3,061.95"
07-11-2023,"3,055.70"
06-11-2023,"3,044.64"
03-11-2023,"3,024.84"
02-11-2023,"3,001.95"
01-11-2023,"2,953.57"
31-10-2023,"2,914.59"
30-10-2023,"2,914.24"
27-10-2023,"2,875.07"
26-10-2023,"2,878.81"
25-10-2023,"2,928.32"
24-10-2023,"2,964.91"
23-10-2023,"2,946.90"
20-10-2023,"2,941.20"
19-10-2023,"2,976.97"
18-10-2023,"2,992.21"
17-10-2023,"3,025.03"
16-10-2023,"3,034.51"
13-10-2023,"3,009.51"
12-10-2023,"3,034.46"
11-10-2023,"3,041.19"
10-10-2023,"3,022.54"
09-10-2023,"3,003.07"
06-10-2023,"2,991.62"
05-10-2023,"2,954.94"
04-10-2023,"2,950.66"
03-10-2023,"2,935.40"
02-10-2023,"2,975.60"
29-09-2023,"2,966.58"
28-09-2023,"2,967.34"
27-09-2023,"2,952.36"
26-09-2023,"2,953.55"
25-09-2023,"2,998.27"
22-09-2023,"2,993.36"
21-09-2023,"2,996.10"
20-09-2023,"3,041.39"
19-09-2023,"3,077.53"
18-09-2023,"3,081.88"
15-09-2023,"3,079.84"
14-09-2023,"3,107.63"
13-09-2023,"3,082.00"
12-09-2023,"3,073.59"
11-09-2023,"3,089.34"
08-09-2023,"3,067.92"
07-09-2023,"3,059.36"
06-09-2023,"3,072.57"
05-09-2023,"3,106.04"
04-09-2023,"3,115.63"
01-09-2023,"3,113.79"
31-08-2023,"3,109.03"
30-08-2023,"3,113.31"
29-08-2023,"3,098.57"
28-08-2023,"3,051.78"
25-08-2023,"3,033.50"
24-08-2023,"3,021.86"
23-08-2023,"3,061.43"
22-08-2023,"3,023.81"
21-08-2023,"3,028.61"
18-08-2023,"3,003.26"
17-08-2023,"3,010.09"
16-08-2023,"3,022.46"
15-08-2023,"3,044.17"
14-08-2023,"3,077.60"
11-08-2023,"3,056.57"
10-08-2023,"3,066.31"
09-08-2023,"3,063.28"
08-08-2023,"3,081.97"
07-08-2023,"3,101.63"
04-08-2023,"3,085.63"
03-08-2023,"3,089.86"
02-08-2023,"3,097.76"
01-08-2023,"3,152.95"
31-07-2023,"3,167.02"
28-07-2023,"3,164.89"
27-07-2023,"3,132.89"
26-07-2023,"3,147.98"
25-07-2023,"3,154.58"
24-07-2023,"3,137.16"
21-07-2023,"3,128.07"
20-07-2023,"3,130.01"
19-07-2023,"3,151.04"
18-07-2023,"3,149.45"
17-07-2023,"3,125.79"
14-07-2023,"3,119.75"
13-07-2023,"3,122.24"
12-07-2023,"3,080.46"
11-07-2023,"3,041.06"
10-07-2023,"3,024.79"
07-07-2023,"3,037.32"
06-07-2023,"3,046.15"
05-07-2023,"3,073.45"
04-07-2023,"3,083.78"
03-07-2023,"3,084.70"
30-06-2023,"3,090.78"
29-06-2023,"3,047.58"
28-06-2023,"3,047.20"
27-06-2023,"3,043.45"
26-06-2023,"3,015.01"
23-06-2023,"3,040.37"
22-06-2023,"3,064.34"
21-06-2023,"3,045.40"
20-06-2023,"3,060.81"
19-06-2023,"3,073.92"
16-06-2023,"3,080.59"
15-06-2023,"3,092.70"
14-06-2023,"3,056.20"
13-06-2023,"3,036.88"
12-06-2023,"3,016.61"
09-06-2023,"2,993.64"
08-06-2023,"2,992.77"
07-06-2023,"2,969.40"
06-06-2023,"3,000.27"
05-06-2023,"2,998.54"
02-06-2023,"3,001.84"
01-06-2023,"2,964.78"
31-05-2023,"2,931.47"
30-05-2023,"2,953.79"
29-05-2023,"2,962.27"
26-05-2023,"2,962.53"
25-05-2023,"2,926.73"
24-05-2023,"2,921.81"
23-05-2023,"2,941.54"
22-05-2023,"2,969.98"
19-05-2023,"2,973.92"
18-05-2023,"2,967.68"
17-05-2023,"2,948.09"
16-05-2023,"2,934.78"
15-05-2023,"2,937.21"
12-05-2023,"2,933.40"
11-05-2023,"2,940.85"
10-05-2023,"2,941.87"
09-05-2023,"2,923.61"
08-05-2023,"2,935.11"
05-05-2023,"2,934.80"
04-05-2023,"2,885.00"
03-05-2023,"2,899.81"
02-05-2023,"2,904.38"
01-05-2023,"2,925.63"
28-04-2023,"2,937.01"
27-04-2023,"2,929.56"
26-04-2023,"2,879.90"
25-04-2023,"2,868.42"
24-04-2023,"2,901.69"
21-04-2023,"2,900.52"
20-04-2023,"2,895.25"
19-04-2023,"2,902.81"
18-04-2023,"2,897.30"
17-04-2023,"2,891.52"
14-04-2023,"2,894.90"
13-04-2023,"2,894.71"
12-04-2023,"2,846.80"
11-04-2023,"2,844.72"
10-04-2023,"2,851.19"
07-04-2023,"2,865.66"
06-04-2023,"2,864.88"
05-04-2023,"2,844.23"
04-04-2023,"2,850.74"
03-04-2023,"2,853.08"
31-03-2023,"2,831.77"
30-03-2023,"2,801.34"
29-03-2023,"2,778.65"
28-03-2023,"2,743.13"
27-03-2023,"2,741.59"
24-03-2023,"2,741.40"
23-03-2023,"2,742.25"
22-03-2023,"2,732.66"
21-03-2023,"2,749.36"
20-03-2023,"2,712.09"
17-03-2023,"2,699.61"
16-03-2023,"2,711.82"
15-03-2023,"2,663.67"
14-03-2023,"2,691.27"
13-03-2023,"2,657.14"
10-03-2023,"2,653.38"
09-03-2023,"2,678.61"
08-03-2023,"2,705.67"
07-03-2023,"2,704.09"
06-03-2023,"2,743.07"
03-03-2023,"2,728.85"
02-03-2023,"2,686.79"
01-03-2023,"2,668.72"
28-02-2023,"2,677.70"
27-02-2023,"2,688.88"
24-02-2023,"2,675.14"
23-02-2023,"2,713.76"
22-02-2023,"2,710.42"
21-02-2023,"2,720.46"
20-02-2023,"2,762.10"
17-02-2023,"2,761.19"
16-02-2023,"2,769.92"
15-02-2023,"2,799.57"
14-02-2023,"2,796.63"
13-02-2023,"2,800.32"
10-02-2023,"2,765.35"
09-02-2023,"2,762.18"
08-02-2023,"2,781.63"
07-02-2023,"2,812.40"
06-02-2023,"2,771.76"
03-02-2023,"2,797.10"
02-02-2023,"2,821.12"
01-02-2023,"2,780.45"
31-01-2023,"2,760.51"
30-01-2023,"2,736.84"
27-01-2023,"2,769.62"
26-01-2023,"2,764.29"
25-01-2023,"2,740.31"
24-01-2023,"2,741.51"
23-01-2023,"2,743.83"
20-01-2023,"2,722.80"
19-01-2023,"2,680.88"
18-01-2023,"2,696.36"
17-01-2023,"2,725.67"
16-01-2023,"2,728.58"
13-01-2023,"2,728.47"
12-01-2023,"2,709.50"
11-01-2023,"2,691.74"
10-01-2023,"2,655.21"
09-01-2023,"2,645.45"
06-01-2023,"2,641.07"
05-01-2023,"2,581.78"
04-01-2023,"2,609.29"
03-01-2023,"2,601.70"
02-01-2023,"2,610.12"
30-12-2022,"2,607.20"
29-12-2022,"2,614.36"
28-12-2022,"2,575.20"
27-12-2022,"2,605.55"
26-12-2022,"2,613.96"
23-12-2022,"2,612.92"
22-12-2022,"2,602.37"
21-12-2022,"2,637.28"
20-12-2022,"2,601.38"
19-12-2022,"2,592.80"
16-12-2022,"2,608.89"
15-12-2022,"2,639.00"
14-12-2022,"2,718.79"
13-12-2022,"2,725.05"
12-12-2022,"2,691.33"
09-12-2022,"2,665.32"
08-12-2022,"2,676.66"
07-12-2022,"2,660.40"
06-12-2022,"2,668.29"
05-12-2022,"2,709.26"
02-12-2022,"2,743.74"
01-12-2022,"2,750.17"
30-11-2022,"2,742.32"
29-11-2022,"2,664.43"
28-11-2022,"2,673.00"
25-11-2022,"2,710.10"
24-11-2022,"2,718.84"
23-11-2022,"2,714.33"
22-11-2022,"2,695.79"
21-11-2022,"2,660.09"
18-11-2022,"2,677.90"
17-11-2022,"2,670.28"
16-11-2022,"2,672.83"
15-11-2022,"2,683.70"
14-11-2022,"2,663.86"
11-11-2022,"2,683.58"
10-11-2022,"2,645.03"
09-11-2022,"2,515.01"
08-11-2022,"2,560.08"
07-11-2022,"2,548.06"
04-11-2022,"2,523.81"
03-11-2022,"2,470.14"
02-11-2022,"2,509.58"
01-11-2022,"2,562.74"
31-10-2022,"2,579.38"
28-10-2022,"2,599.14"
27-10-2022,"2,542.62"
26-10-2022,"2,571.73"
25-10-2022,"2,609.71"
24-10-2022,"2,578.51"
21-10-2022,"2,548.08"
20-10-2022,"2,496.17"
19-10-2022,"2,502.91"
18-10-2022,"2,518.76"
17-10-2022,"2,498.05"
14-10-2022,"2,433.40"
13-10-2022,"2,477.83"
12-10-2022,"2,423.19"
11-10-2022,"2,421.17"
10-10-2022,"2,438.02"
07-10-2022,"2,455.57"
06-10-2022,"2,517.26"
05-10-2022,"2,544.00"
04-10-2022,"2,552.03"
03-10-2022,"2,470.35"
30-09-2022,"2,415.56"
29-09-2022,"2,451.13"
28-09-2022,"2,495.29"
27-09-2022,"2,462.60"
26-09-2022,"2,468.49"
23-09-2022,"2,490.73"
22-09-2022,"2,544.90"
21-09-2022,"2,551.57"
20-09-2022,"2,590.28"
19-09-2022,"2,610.19"
16-09-2022,"2,597.08"
15-09-2022,"2,613.46"
14-09-2022,"2,644.67"
13-09-2022,"2,639.58"
12-09-2022,"2,749.28"
09-09-2022,"2,706.44"
07-09-2022,"2,655.14"
06-09-2022,"2,627.63"
05-09-2022,"2,645.52"
02-09-2022,"2,648.73"
01-09-2022,"2,662.20"
31-08-2022,"2,667.27"
30-08-2022,"2,691.93"
29-08-2022,"2,716.03"
26-08-2022,"2,736.70"
25-08-2022,"2,818.93"
24-08-2022,"2,784.66"
23-08-2022,"2,785.76"
22-08-2022,"2,791.24"
19-08-2022,"2,846.69"
18-08-2022,"2,877.96"
17-08-2022,"2,881.03"
16-08-2022,"2,892.98"
15-08-2022,"2,885.48"
12-08-2022,"2,883.60"
11-08-2022,"2,846.19"
10-08-2022,"2,854.99"
09-08-2022,"2,806.29"
08-08-2022,"2,807.53"
05-08-2022,"2,808.77"
04-08-2022,"2,816.53"
03-08-2022,"2,817.93"
02-08-2022,"2,774.50"
01-08-2022,"2,800.27"
29-07-2022,"2,805.78"
28-07-2022,"2,754.22"
27-07-2022,"2,727.14"
26-07-2022,"2,654.09"
25-07-2022,"2,683.41"
22-07-2022,"2,682.14"
21-07-2022,"2,706.25"
20-07-2022,"2,687.48"
19-07-2022,"2,680.06"
18-07-2022,"2,619.91"
15-07-2022,"2,635.45"
14-07-2022,"2,591.37"
13-07-2022,"2,602.85"
12-07-2022,"2,617.29"
11-07-2022,"2,640.96"
08-07-2022,"2,674.50"
07-07-2022,"2,672.81"
06-07-2022,"2,630.23"
05-07-2022,"2,620.79"
04-07-2022,"2,628.03"
01-07-2022,"2,620.64"
30-06-2022,"2,605.54"
29-06-2022,"2,639.26"
28-06-2022,"2,637.34"
27-06-2022,"2,683.55"
24-06-2022,"2,688.82"
23-06-2022,"2,615.01"
22-06-2022,"2,597.87"
21-06-2022,"2,604.31"
20-06-2022,"2,547.08"
17-06-2022,"2,540.79"
16-06-2022,"2,549.05"
15-06-2022,"2,606.37"
14-06-2022,"2,563.02"
13-06-2022,"2,576.44"
10-06-2022,"2,664.57"
09-06-2022,"2,750.45"
08-06-2022,"2,814.92"
07-06-2022,"2,835.28"
06-06-2022,"2,816.19"
03-06-2022,"2,806.84"
02-06-2022,"2,846.56"
01-06-2022,"2,811.64"
31-05-2022,"2,824.48"
30-05-2022,"2,831.27"
27-05-2022,"2,822.67"
26-05-2022,"2,767.35"
25-05-2022,"2,726.43"
24-05-2022,"2,715.31"
23-05-2022,"2,732.41"
20-05-2022,"2,668.05"
19-05-2022,"2,661.28"
18-05-2022,"2,687.93"
17-05-2022,"2,781.85"
16-05-2022,"2,733.14"
13-05-2022,"2,733.61"
12-05-2022,"2,673.93"
11-05-2022,"2,699.38"
10-05-2022,"2,734.71"
09-05-2022,"2,722.09"
06-05-2022,"2,797.07"
05-05-2022,"2,810.41"
04-05-2022,"2,904.88"
03-05-2022,"2,841.26"
02-05-2022,"2,830.20"
29-04-2022,"2,827.64"
28-04-2022,"2,912.45"
27-04-2022,"2,848.78"
26-04-2022,"2,845.19"
25-04-2022,"2,916.79"
22-04-2022,"2,912.76"
21-04-2022,"2,986.92"
20-04-2022,"3,016.95"
19-04-2022,"3,008.69"
18-04-2022,"2,979.00"
15-04-2022,"2,979.34"
14-04-2022,"2,981.19"
13-04-2022,"3,015.06"
12-04-2022,"2,980.34"
11-04-2022,"2,991.50"
08-04-2022,"3,041.49"
07-04-2022,"3,047.91"
06-04-2022,"3,043.65"
05-04-2022,"3,081.12"
04-04-2022,"3,112.99"
01-04-2022,"3,082.42"
31-03-2022,"3,073.28"
30-03-2022,"3,120.92"
29-03-2022,"3,128.06"
28-03-2022,"3,088.47"
25-03-2022,"3,075.18"
24-03-2022,"3,062.31"
23-03-2022,"3,032.25"
22-03-2022,"3,049.56"
21-03-2022,"3,010.00"
18-03-2022,"3,005.84"
17-03-2022,"2,977.28"
16-03-2022,"2,944.01"
15-03-2022,"2,878.98"
14-03-2022,"2,833.05"
11-03-2022,"2,853.34"
10-03-2022,"2,884.97"
09-03-2022,"2,903.40"
08-03-2022,"2,816.61"
07-03-2022,"2,833.44"
04-03-2022,"2,905.99"
03-03-2022,"2,958.38"
02-03-2022,"2,983.48"
01-03-2022,"2,945.16"
28-02-2022,"2,988.48"
25-02-2022,"3,000.09"
24-02-2022,"2,932.15"
23-02-2022,"2,935.42"
22-02-2022,"2,975.98"
21-02-2022,"3,000.21"
18-02-2022,"3,005.56"
17-02-2022,"3,029.34"
16-02-2022,"3,079.84"
15-02-2022,"3,073.03"
14-02-2022,"3,037.17"
11-02-2022,"3,059.10"
10-02-2022,"3,102.50"
09-02-2022,"3,144.46"
08-02-2022,"3,115.58"
07-02-2022,"3,095.40"
04-02-2022,"3,102.27"
03-02-2022,"3,077.12"
02-02-2022,"3,137.38"
01-02-2022,"3,096.65"
31-01-2022,"3,074.54"
28-01-2022,"3,036.34"
27-01-2022,"2,976.69"
26-01-2022,"2,975.15"
25-01-2022,"2,959.88"
24-01-2022,"2,979.48"
21-01-2022,"3,005.03"
20-01-2022,"3,052.45"
19-01-2022,"3,074.19"
18-01-2022,"3,097.12"
17-01-2022,"3,146.81"
14-01-2022,"3,143.81"
13-01-2022,"3,142.55"
12-01-2022,"3,179.31"
11-01-2022,"3,162.66"
10-01-2022,"3,133.36"
07-01-2022,"3,138.94"
06-01-2022,"3,128.62"
05-01-2022,"3,146.59"
04-01-2022,"3,188.92"
03-01-2022,"3,183.31"
31-12-2021,"3,164.77"
30-12-2021,"3,173.00"
29-12-2021,"3,183.86"
28-12-2021,"3,184.90"
27-12-2021,"3,184.87"
24-12-2021,"3,152.00"
23-12-2021,"3,152.56"
22-12-2021,"3,138.38"
21-12-2021,"3,104.94"
20-12-2021,"3,062.54"
17-12-2021,"3,091.62"
16-12-2021,"3,124.80"
15-12-2021,"3,141.21"
14-12-2021,"3,098.47"
13-12-2021,"3,121.54"
10-12-2021,"3,147.83"
09-12-2021,"3,120.49"
08-12-2021,"3,132.52"
07-12-2021,"3,120.89"
06-12-2021,"3,061.28"
03-12-2021,"3,024.91"
02-12-2021,"3,039.47"
01-12-2021,"3,031.79"
30-11-2021,"3,026.81"
29-11-2021,"3,051.16"
26-11-2021,"3,025.73"
25-11-2021,"3,098.96"
24-11-2021,"3,097.93"
23-11-2021,"3,099.33"
22-11-2021,"3,094.96"
19-11-2021,"3,105.41"
18-11-2021,"3,111.79"
17-11-2021,"3,091.53"
16-11-2021,"3,088.80"
15-11-2021,"3,087.60"
12-11-2021,"3,088.55"
11-11-2021,"3,065.47"
10-11-2021,"3,064.44"
09-11-2021,"3,096.84"
08-11-2021,"3,092.86"
05-11-2021,"3,094.17"
04-11-2021,"3,085.01"
03-11-2021,"3,077.43"
02-11-2021,"3,063.76"
01-11-2021,"3,046.69"
29-10-2021,"3,051.04"
28-10-2021,"3,053.47"
27-10-2021,"3,025.05"
26-10-2021,"3,012.19"
25-10-2021,"2,992.49"
22-10-2021,"2,994.35"
21-10-2021,"3,009.79"
20-10-2021,"3,011.71"
19-10-2021,"3,003.07"
18-10-2021,"2,985.36"
15-10-2021,"2,979.06"
14-10-2021,"2,952.82"
13-10-2021,"2,911.90"
12-10-2021,"2,902.97"
11-10-2021,"2,921.09"
08-10-2021,"2,929.80"
07-10-2021,"2,927.18"
06-10-2021,"2,898.79"
05-10-2021,"2,893.72"
04-10-2021,"2,867.07"
01-10-2021,"2,896.61"
30-09-2021,"2,873.24"
29-09-2021,"2,896.48"
28-09-2021,"2,895.46"
27-09-2021,"2,952.84"
24-09-2021,"2,961.27"
23-09-2021,"2,961.42"
22-09-2021,"2,934.73"
21-09-2021,"2,904.97"
20-09-2021,"2,898.02"
17-09-2021,"2,948.14"
16-09-2021,"2,981.97"
15-09-2021,"2,990.33"
14-09-2021,"2,972.95"
13-09-2021,"2,981.87"
10-09-2021,"2,970.17"
09-09-2021,"2,994.77"
08-09-2021,"3,012.84"
07-09-2021,"3,024.64"
06-09-2021,"3,030.99"
03-09-2021,"3,025.76"
02-09-2021,"3,025.31"
01-09-2021,"3,019.05"
31-08-2021,"3,013.45"
30-08-2021,"3,017.30"
27-08-2021,"2,995.13"
26-08-2021,"2,975.26"
25-08-2021,"2,990.58"
24-08-2021,"2,991.42"
23-08-2021,"2,987.77"
20-08-2021,"2,958.66"
19-08-2021,"2,939.82"
18-08-2021,"2,953.62"
17-08-2021,"2,986.28"
16-08-2021,"3,003.10"
13-08-2021,"2,998.18"
12-08-2021,"2,988.12"
11-08-2021,"2,976.00"
10-08-2021,"2,968.26"
09-08-2021,"2,965.96"
06-08-2021,"2,965.53"
05-08-2021,"2,970.19"
04-08-2021,"2,956.19"
03-08-2021,"2,969.41"
02-08-2021,"2,943.58"
30-07-2021,"2,938.44"
29-07-2021,"2,969.72"
28-07-2021,"2,957.08"
27-07-2021,"2,954.60"
26-07-2021,"2,971.30"
23-07-2021,"2,957.02"
22-07-2021,"2,928.18"
21-07-2021,"2,919.41"
20-07-2021,"2,893.82"
19-07-2021,"2,865.17"
16-07-2021,"2,917.16"
15-07-2021,"2,938.00"
14-07-2021,"2,955.12"
13-07-2021,"2,939.70"
12-07-2021,"2,941.69"
09-07-2021,"2,934.50"
08-07-2021,"2,907.90"
07-07-2021,"2,928.38"
06-07-2021,"2,913.93"
05-07-2021,"2,911.94"
02-07-2021,"2,911.07"
01-07-2021,"2,880.32"
30-06-2021,"2,871.52"
29-06-2021,"2,874.89"
28-06-2021,"2,869.79"
25-06-2021,"2,864.67"
24-06-2021,"2,859.48"
23-06-2021,"2,848.83"
22-06-2021,"2,859.24"
21-06-2021,"2,841.91"
18-06-2021,"2,815.52"
17-06-2021,"2,856.20"
16-06-2021,"2,855.43"
15-06-2021,"2,867.62"
14-06-2021,"2,867.98"
11-06-2021,"2,856.66"
10-06-2021,"2,855.56"
09-06-2021,"2,841.49"
08-06-2021,"2,836.72"
07-06-2021,"2,836.49"
04-06-2021,"2,834.03"
03-06-2021,"2,807.79"
02-06-2021,"2,818.32"
01-06-2021,"2,807.86"
31-05-2021,"2,805.39"
28-05-2021,"2,808.08"
27-05-2021,"2,804.66"
26-05-2021,"2,813.21"
25-05-2021,"2,813.22"
24-05-2021,"2,815.41"
21-05-2021,"2,788.63"
20-05-2021,"2,794.80"
19-05-2021,"2,764.39"
18-05-2021,"2,782.33"
17-05-2021,"2,796.91"
14-05-2021,"2,795.36"
13-05-2021,"2,751.18"
12-05-2021,"2,729.79"
11-05-2021,"2,770.19"
10-05-2021,"2,801.16"
07-05-2021,"2,822.34"
06-05-2021,"2,802.52"
05-05-2021,"2,777.27"
04-05-2021,"2,763.07"
03-05-2021,"2,794.96"
30-04-2021,"2,785.92"
29-04-2021,"2,811.02"
28-04-2021,"2,804.92"
27-04-2021,"2,799.57"
26-04-2021,"2,802.73"
23-04-2021,"2,797.77"
22-04-2021,"2,775.85"
21-04-2021,"2,796.20"
20-04-2021,"2,780.17"
19-04-2021,"2,806.68"
16-04-2021,"2,808.25"
15-04-2021,"2,796.65"
14-04-2021,"2,769.54"
13-04-2021,"2,779.54"
12-04-2021,"2,769.35"
09-04-2021,"2,778.86"
08-04-2021,"2,759.51"
07-04-2021,"2,743.39"
06-04-2021,"2,728.17"
05-04-2021,"2,726.19"
02-04-2021,"2,685.77"
01-04-2021,"2,683.69"
31-03-2021,"2,657.71"
30-03-2021,"2,651.62"
29-03-2021,"2,663.02"
26-03-2021,"2,659.21"
25-03-2021,"2,628.05"
24-03-2021,"2,629.26"
23-03-2021,"2,646.84"
22-03-2021,"2,658.72"
19-03-2021,"2,639.41"
18-03-2021,"2,647.72"
17-03-2021,"2,680.74"
16-03-2021,"2,673.16"
15-03-2021,"2,662.49"
12-03-2021,"2,652.13"
11-03-2021,"2,657.39"
10-03-2021,"2,635.29"
09-03-2021,"2,624.56"
08-03-2021,"2,589.95"
05-03-2021,"2,607.01"
04-03-2021,"2,577.24"
03-03-2021,"2,599.47"
02-03-2021,"2,624.83"
01-03-2021,"2,636.48"
26-02-2021,"2,581.69"
25-02-2021,"2,609.90"
24-02-2021,"2,651.08"
23-02-2021,"2,635.49"
22-02-2021,"2,636.29"
19-02-2021,"2,659.16"
18-02-2021,"2,666.80"
17-02-2021,"2,678.59"
16-02-2021,"2,682.07"
15-02-2021,"2,686.11"
12-02-2021,"2,672.34"
11-02-2021,"2,660.60"
10-02-2021,"2,662.35"
09-02-2021,"2,662.76"
08-02-2021,"2,664.26"
05-02-2021,"2,656.85"
04-02-2021,"2,641.54"
03-02-2021,"2,624.27"
02-02-2021,"2,610.56"
01-02-2021,"2,585.84"
29-01-2021,"2,547.42"
28-01-2021,"2,605.32"
27-01-2021,"2,600.34"
26-01-2021,"2,646.52"
25-01-2021,"2,633.35"
22-01-2021,"2,623.64"
21-01-2021,"2,628.49"
20-01-2021,"2,614.77"
19-01-2021,"2,571.83"
18-01-2021,"2,551.73"
15-01-2021,"2,555.90"
14-01-2021,"2,582.54"
13-01-2021,"2,586.67"
12-01-2021,"2,578.11"
11-01-2021,"2,577.47"
08-01-2021,"2,597.08"
07-01-2021,"2,581.88"
06-01-2021,"2,549.35"
05-01-2021,"2,548.57"
04-01-2021,"2,528.81"
01-01-2021,"2,554.39"
31-12-2020,"2,554.27"
30-12-2020,"2,555.08"
29-12-2020,"2,560.44"
28-12-2020,"2,556.46"
25-12-2020,"2,522.40"
24-12-2020,"2,521.15"
23-12-2020,"2,512.00"
22-12-2020,"2,506.46"
21-12-2020,"2,505.50"
18-12-2020,"2,513.14"
17-12-2020,"2,529.65"
16-12-2020,"2,521.54"
15-12-2020,"2,505.88"
14-12-2020,"2,478.79"
11-12-2020,"2,487.50"
10-12-2020,"2,491.90"
09-12-2020,"2,490.93"
08-12-2020,"2,507.13"
07-12-2020,"2,498.47"
04-12-2020,"2,502.65"
03-12-2020,"2,487.77"
02-12-2020,"2,489.30"
01-12-2020,"2,475.91"
30-11-2020,"2,436.84"
27-11-2020,"2,456.30"
26-11-2020,"2,449.04"
25-11-2020,"2,449.57"
24-11-2020,"2,445.65"
23-11-2020,"2,405.62"
20-11-2020,"2,406.06"
19-11-2020,"2,417.13"
18-11-2020,"2,412.20"
17-11-2020,"2,434.33"
16-11-2020,"2,443.86"
13-11-2020,"2,415.91"
12-11-2020,"2,394.97"
11-11-2020,"2,414.23"
10-11-2020,"2,381.64"
09-11-2020,"2,382.51"
06-11-2020,"2,361.48"
05-11-2020,"2,361.25"
04-11-2020,"2,319.26"
03-11-2020,"2,261.26"
02-11-2020,"2,219.80"
30-10-2020,"2,196.65"
29-10-2020,"2,223.31"
28-10-2020,"2,203.36"
27-10-2020,"2,287.93"
26-10-2020,"2,287.44"
23-10-2020,"2,317.83"
22-10-2020,"2,311.31"
21-10-2020,"2,306.40"
20-10-2020,"2,314.51"
19-10-2020,"2,306.09"
16-10-2020,"2,336.91"
15-10-2020,"2,332.47"
14-10-2020,"2,351.24"
13-10-2020,"2,363.52"
12-10-2020,"2,381.96"
09-10-2020,"2,332.83"
08-10-2020,"2,303.47"
07-10-2020,"2,287.18"
06-10-2020,"2,259.74"
05-10-2020,"2,291.69"
02-10-2020,"2,252.05"
01-10-2020,"2,281.02"
30-09-2020,"2,270.79"
29-09-2020,"2,259.35"
28-09-2020,"2,272.40"
25-09-2020,"2,232.63"
24-09-2020,"2,207.43"
23-09-2020,"2,203.78"
22-09-2020,"2,248.34"
21-09-2020,"2,225.91"
18-09-2020,"2,252.16"
17-09-2020,"2,279.72"
16-09-2020,"2,300.03"
15-09-2020,"2,317.25"
14-09-2020,"2,305.54"
11-09-2020,"2,288.75"
10-09-2020,"2,290.73"
09-09-2020,"2,328.66"
08-09-2020,"2,277.04"
07-09-2020,"2,346.34"
04-09-2020,"2,338.99"
03-09-2020,"2,358.47"
02-09-2020,"2,442.50"
01-09-2020,"2,415.66"
31-08-2020,"2,399.07"
28-08-2020,"2,400.16"
27-08-2020,"2,388.80"
26-08-2020,"2,390.48"
25-08-2020,"2,368.91"
24-08-2020,"2,363.94"
21-08-2020,"2,340.32"
20-08-2020,"2,331.69"
19-08-2020,"2,321.51"
18-08-2020,"2,331.82"
17-08-2020,"2,316.10"
14-08-2020,"2,309.90"
13-08-2020,"2,317.44"
12-08-2020,"2,319.66"
11-08-2020,"2,277.88"
10-08-2020,"2,288.58"
07-08-2020,"2,281.26"
06-08-2020,"2,297.91"
05-08-2020,"2,283.37"
04-08-2020,"2,270.06"
03-08-2020,"2,262.02"
31-07-2020,"2,231.86"
30-07-2020,"2,219.40"
29-07-2020,"2,233.27"
28-07-2020,"2,217.50"
27-07-2020,"2,227.60"
24-07-2020,"2,208.07"
23-07-2020,"2,226.60"
22-07-2020,"2,263.67"
21-07-2020,"2,262.10"
20-07-2020,"2,260.78"
17-07-2020,"2,227.04"
16-07-2020,"2,226.15"
15-07-2020,"2,238.43"
14-07-2020,"2,223.65"
13-07-2020,"2,206.94"
10-07-2020,"2,213.74"
09-07-2020,"2,194.64"
08-07-2020,"2,201.38"
07-07-2020,"2,184.03"
06-07-2020,"2,207.47"
03-07-2020,"2,160.49"
02-07-2020,"2,165.27"
01-07-2020,"2,146.92"
30-06-2020,"2,136.49"
29-06-2020,"2,113.00"
26-06-2020,"2,091.42"
25-06-2020,"2,135.71"
24-06-2020,"2,118.27"
23-06-2020,"2,166.23"
22-06-2020,"2,143.95"
19-06-2020,"2,129.16"
18-06-2020,"2,133.07"
17-06-2020,"2,138.89"
16-06-2020,"2,136.75"
15-06-2020,"2,091.41"
12-06-2020,"2,084.15"
11-06-2020,"2,076.70"
10-06-2020,"2,186.83"
09-06-2020,"2,177.86"
08-06-2020,"2,177.45"
05-06-2020,"2,156.64"
04-06-2020,"2,107.86"
03-06-2020,"2,117.32"
02-06-2020,"2,083.12"
01-06-2020,"2,063.00"
29-05-2020,"2,051.71"
28-05-2020,"2,054.60"
27-05-2020,"2,046.11"
26-05-2020,"2,028.03"
25-05-2020,"2,010.17"
22-05-2020,"2,003.42"
21-05-2020,"2,009.26"
20-05-2020,"2,028.82"
19-05-2020,"2,000.39"
18-05-2020,"2,011.81"
15-05-2020,"1,959.86"
14-05-2020,"1,953.35"
13-05-2020,"1,954.51"
12-05-2020,"1,983.02"
11-05-2020,"2,009.11"
08-05-2020,"2,003.36"
07-05-2020,"1,977.66"
06-05-2020,"1,966.52"
05-05-2020,"1,971.28"
04-05-2020,"1,951.09"
01-05-2020,"1,953.58"
30-04-2020,"2,002.53"
29-04-2020,"2,007.97"
28-04-2020,"1,963.10"
27-04-2020,"1,973.02"
24-04-2020,"1,954.66"
23-04-2020,"1,941.38"
22-04-2020,"1,938.03"
21-04-2020,"1,898.46"
20-04-2020,"1,957.96"
17-04-2020,"1,977.67"
16-04-2020,"1,939.01"
15-04-2020,"1,926.24"
14-04-2020,"1,962.16"
13-04-2020,"1,905.71"
10-04-2020,"1,904.59"
09-04-2020,"1,904.10"
08-04-2020,"1,886.66"
07-04-2020,"1,857.41"
06-04-2020,"1,855.71"
03-04-2020,"1,757.55"
02-04-2020,"1,777.34"
01-04-2020,"1,742.11"
31-03-2020,"1,805.71"
30-03-2020,"1,816.47"
27-03-2020,"1,762.32"
26-03-2020,"1,813.71"
25-03-2020,"1,731.99"
24-03-2020,"1,706.46"
23-03-2020,"1,574.04"
20-03-2020,"1,615.63"
19-03-2020,"1,662.33"
18-03-2020,"1,659.47"
17-03-2020,"1,732.12"
16-03-2020,"1,649.83"
13-03-2020,"1,806.15"
12-03-2020,"1,696.10"
11-03-2020,"1,871.70"
10-03-2020,"1,939.40"
09-03-2020,"1,880.06"
06-03-2020,"2,020.75"
05-03-2020,"2,062.78"
04-03-2020,"2,109.80"
03-03-2020,"2,042.11"
02-03-2020,"2,079.90"
28-02-2020,"1,998.75"
27-02-2020,"2,025.40"
26-02-2020,"2,113.74"
25-02-2020,"2,112.68"
24-02-2020,"2,159.84"
21-02-2020,"2,237.75"
20-02-2020,"2,259.70"
19-02-2020,"2,276.85"
18-02-2020,"2,267.10"
17-02-2020,"2,280.60"
14-02-2020,"2,279.73"
13-02-2020,"2,280.20"
12-02-2020,"2,290.29"
11-02-2020,"2,280.08"
10-02-2020,"2,277.25"
07-02-2020,"2,264.31"
06-02-2020,"2,275.18"
05-02-2020,"2,260.45"
04-02-2020,"2,240.89"
03-02-2020,"2,208.96"
31-01-2020,"2,199.05"
30-01-2020,"2,223.34"
29-01-2020,"2,223.14"
28-01-2020,"2,215.45"
27-01-2020,"2,196.18"
24-01-2020,"2,234.41"
23-01-2020,"2,244.55"
22-01-2020,"2,249.68"
21-01-2020,"2,249.67"
20-01-2020,"2,254.94"
17-01-2020,"2,253.97"
16-01-2020,"2,242.47"
15-01-2020,"2,228.68"
14-01-2020,"2,226.01"
13-01-2020,"2,229.76"
10-01-2020,"2,216.57"
09-01-2020,"2,220.09"
08-01-2020,"2,202.39"
07-01-2020,"2,196.37"
06-01-2020,"2,205.11"
03-01-2020,"2,197.96"
02-01-2020,"2,211.60"
01-01-2020,"2,190.02"
